t,cycle,phase,kpa,amp
1.03,1,precharge,0.12,0.0
1.1,1,precharge,0.13,0.0
1.17,1,precharge,0.12,0.0
1.25,1,precharge,0.12,0.0
1.33,1,precharge,0.18,0.0
1.4,1,precharge,0.19,0.0
1.48,1,precharge,0.15,0.0
1.55,1,precharge,0.17,0.0
1.62,1,precharge,0.14,0.0
1.7,1,precharge,0.16,0.0
1.77,1,precharge,0.17,0.0
1.85,1,precharge,0.16,0.0
1.92,1,precharge,0.18,0.0
2.0,1,precharge,0.16,0.0
2.07,1,precharge,0.18,0.0
2.14,1,precharge,0.19,0.0
2.22,1,precharge,0.19,0.0
2.3,1,precharge,0.19,0.0
2.37,1,precharge,0.19,0.0
2.44,1,precharge,0.19,0.0
2.52,1,precharge,0.18,0.0
2.6,1,approach,0.16,0.0
2.65,1,approach,0.16,0.0
2.69,1,approach,0.15,0.0
2.74,1,approach,0.12,0.0
2.78,1,approach,0.13,0.0
2.83,1,approach,0.13,0.0
2.88,1,approach,0.13,0.08
2.93,1,approach,0.17,0.0
2.97,1,approach,0.17,0.08
3.02,1,approach,0.19,0.08
3.07,1,approach,0.16,0.08
3.12,1,approach,0.15,0.08
3.17,1,approach,0.14,0.0
3.21,1,approach,0.11,0.08
3.26,1,approach,0.12,0.0
3.31,1,approach,0.16,0.08
3.36,1,approach,0.12,0.08
3.4,1,approach,0.15,0.0
3.45,1,approach,0.14,0.08
3.5,1,approach,0.11,0.0
3.55,1,approach,0.11,0.08
3.6,1,approach,0.11,0.0
3.64,1,approach,0.12,0.0
3.69,1,approach,0.12,0.08
3.74,1,approach,0.12,0.08
3.79,1,approach,0.12,0.08
3.83,1,approach,0.11,0.08
3.88,1,approach,0.11,0.08
3.93,1,approach,0.11,0.0
3.98,1,approach,0.12,0.16
4.03,1,approach,0.11,0.08
4.08,1,approach,0.11,0.16
4.13,1,approach,0.1,0.08
4.18,1,approach,0.12,0.08
4.22,1,approach,0.12,0.08
4.27,1,approach,0.14,0.08
4.32,1,approach,0.13,0.16
4.37,1,approach,0.11,0.08
4.42,1,approach,0.11,0.08
4.46,1,approach,0.12,0.08
4.51,1,approach,0.11,0.16
4.56,1,approach,0.11,0.08
4.6,1,approach,0.11,0.16
4.65,1,approach,0.12,0.08
4.7,1,approach,0.12,0.16
4.74,1,approach,0.12,0.08
4.79,1,approach,0.1,0.16
4.84,1,approach,0.11,0.08
4.88,1,approach,0.11,0.08
4.93,1,approach,0.11,0.16
4.98,1,press,0.1,0.16
5.03,1,press,0.1,0.24
5.07,1,press,0.11,0.16
5.12,1,press,0.12,0.16
5.17,1,press,0.11,0.08
5.22,1,press,0.13,0.16
5.27,1,press,0.13,0.16
5.32,1,press,0.12,0.16
5.36,1,press,0.12,0.16
5.41,1,press,0.11,0.24
5.46,1,press,0.12,0.16
5.51,1,press,0.11,0.24
5.56,1,press,0.12,0.16
5.61,1,press,0.11,0.24
5.65,1,press,0.12,0.24
5.7,1,press,0.12,0.16
5.75,1,press,0.14,0.24
5.8,1,press,0.1,0.33
5.85,1,press,0.14,0.41
5.89,1,press,0.18,0.24
5.94,1,press,0.18,0.33
6.0,1,press,0.29,0.16
6.05,1,press,0.23,0.24
6.09,1,press,0.2,0.24
6.14,1,press,0.44,0.24
6.19,1,press,0.39,0.33
6.24,1,press,0.27,0.24
6.29,1,press,0.17,0.24
6.34,1,press,0.17,0.24
6.39,1,press,0.18,0.24
6.43,1,press,0.22,0.33
6.48,1,press,0.21,0.65
6.53,1,press,0.27,0.49
6.58,1,press,0.3,0.33
6.62,1,press,0.23,0.49
6.67,1,press,0.16,0.41
6.72,1,press,0.18,0.57
6.77,1,press,0.15,0.41
6.82,1,press,0.14,0.33
6.86,1,press,0.11,0.24
6.91,1,press,0.14,0.57
6.96,1,press,0.16,0.57
7.0,1,press,0.16,0.33
7.05,1,press,0.14,0.33
7.09,1,press,0.15,0.33
7.14,1,press,0.15,0.41
7.18,1,press,0.18,0.33
7.23,1,press,0.18,0.49
7.27,1,press,0.19,0.41
7.32,1,press,0.18,0.24
7.36,1,press,0.15,0.33
7.41,1,press,0.14,0.65
7.45,1,press,0.13,0.49
7.49,1,press,0.15,0.49
7.54,1,press,0.16,0.41
7.59,1,press,-31.81,0.24
7.65,1,press,-51.01,0.24
7.7,1,hold,-64.92,0.16
7.79,1,hold,-69.12,0.24
7.87,1,hold,-68.84,0.24
7.96,1,hold,-68.69,0.24
8.04,1,hold,-68.62,0.16
8.13,1,hold,-68.54,0.24
8.21,1,hold,-68.49,0.16
8.3,1,hold,-68.47,0.16
8.38,1,hold,-68.44,0.24
8.47,1,hold,-68.41,0.16
8.55,1,hold,-68.41,0.33
8.64,1,hold,-68.41,0.24
8.73,1,hold,-68.41,0.24
8.81,1,hold,-68.37,0.16
8.89,1,hold,-68.36,0.24
8.98,1,hold,-68.34,0.24
9.07,1,hold,-68.32,0.24
9.15,1,hold,-68.32,0.24
9.24,1,hold,-68.31,0.24
9.32,1,hold,-68.29,0.24
9.41,1,hold,-68.26,0.33
9.49,1,hold,-68.24,0.33
9.58,1,hold,-68.24,0.33
9.66,1,hold,-68.18,0.33
9.75,1,hold,-68.14,0.33
9.84,1,hold,-68.11,0.33
9.93,1,hold,-68.09,0.41
10.01,1,hold,-68.08,0.33
10.1,1,hold,-68.04,0.33
10.18,1,hold,-68.02,0.33
10.27,1,hold,-68.03,0.24
10.35,1,hold,-68.03,0.41
10.44,1,hold,-68.0,0.41
10.52,1,hold,-67.99,0.24
10.61,1,hold,-67.98,0.33
10.7,1,hold,-67.96,0.33
10.78,1,hold,-67.94,0.33
10.87,1,hold,-67.94,0.33
10.96,1,hold,-67.9,0.33
11.04,1,hold,-67.88,0.41
11.13,1,hold,-67.88,0.41
11.22,1,hold,-67.88,0.33
11.3,1,hold,-67.86,0.33
11.39,1,hold,-67.86,0.49
11.47,1,hold,-67.86,0.33
11.56,1,hold,-67.82,0.41
11.65,1,hold,-67.79,0.33
11.73,1,hold,-67.79,0.41
11.82,1,hold,-67.76,0.49
11.9,1,hold,-67.76,0.33
11.99,1,hold,-67.76,0.41
12.08,1,hold,-67.73,0.49
12.16,1,hold,-67.75,0.41
12.25,1,hold,-67.74,0.33
12.33,1,hold,-67.74,0.49
12.42,1,hold,-67.71,0.41
12.5,1,hold,-67.7,0.41
12.59,1,hold,-67.71,0.33
12.68,1,hold,-67.68,0.41
12.76,1,hold,-67.67,0.49
12.84,1,hold,-67.69,0.33
12.93,1,hold,-67.67,0.33
13.02,1,hold,-67.68,0.57
13.1,1,hold,-67.71,0.57
13.19,1,hold,-67.68,0.73
13.28,1,hold,-67.65,0.65
13.36,1,hold,-67.64,0.57
13.45,1,hold,-67.63,0.49
13.53,1,hold,-67.59,0.41
13.62,1,hold,-67.6,0.57
13.71,1,hold,-67.56,0.41
13.79,1,hold,-67.56,0.57
13.88,1,hold,-67.57,0.65
13.97,1,hold,-67.56,0.49
14.05,1,hold,-67.56,0.57
14.13,1,hold,-67.52,0.65
14.22,1,hold,-67.51,0.73
14.31,1,hold,-67.49,0.49
14.39,1,hold,-67.47,0.65
14.48,1,hold,-67.45,0.65
14.57,1,hold,-67.44,0.49
14.65,1,hold,-67.44,0.57
14.74,1,hold,-67.39,0.73
14.82,1,hold,-67.39,0.57
14.91,1,hold,-67.37,0.73
14.99,1,hold,-67.36,0.73
15.08,1,hold,-67.35,0.65
15.17,1,hold,-67.33,0.57
15.25,1,hold,-67.31,0.57
15.34,1,hold,-67.27,0.65
15.43,1,hold,-67.27,0.73
15.51,1,hold,-67.26,0.65
15.6,1,hold,-67.24,0.65
15.69,1,hold,-67.23,0.57
15.77,1,hold,-67.21,0.73
15.86,1,hold,-67.2,0.73
15.94,1,hold,-67.18,0.65
16.03,1,hold,-67.16,0.73
16.11,1,hold,-67.17,0.65
16.2,1,hold,-67.14,0.65
16.29,1,hold,-67.12,0.57
16.37,1,hold,-67.11,0.57
16.45,1,hold,-67.09,0.57
16.54,1,hold,-67.08,0.81
16.63,1,hold,-67.07,0.65
16.71,1,hold,-67.06,0.49
16.8,1,hold,-67.07,0.73
16.88,1,hold,-67.03,0.81
16.97,1,hold,-67.03,0.81
17.06,1,hold,-67.03,0.65
17.14,1,hold,-66.99,0.57
17.23,1,hold,-67.0,0.65
17.31,1,hold,-67.0,0.73
17.4,1,hold,-66.96,0.73
17.48,1,hold,-66.97,0.65
17.57,1,hold,-66.96,0.57
17.66,1,hold,-66.94,0.65
17.74,1,hold,-66.93,0.81
17.83,1,hold,-66.91,0.49
17.91,1,hold,-66.91,0.73
18.0,1,hold,-66.9,0.65
18.08,1,hold,-66.88,0.73
18.17,1,hold,-66.89,0.9
18.25,1,hold,-66.85,0.57
18.34,1,hold,-66.86,0.65
18.42,1,hold,-66.85,0.57
18.51,1,hold,-66.82,0.65
18.6,1,hold,-66.83,0.73
18.68,1,hold,-66.82,0.73
18.77,1,hold,-66.79,0.81
18.85,1,hold,-66.81,0.57
18.94,1,hold,-66.76,0.9
19.02,1,hold,-66.77,0.57
19.11,1,hold,-66.76,0.57
19.2,1,hold,-66.74,0.81
19.28,1,hold,-66.73,0.73
19.37,1,hold,-66.73,0.65
19.45,1,hold,-66.69,0.49
19.54,1,hold,-66.7,0.81
19.63,1,hold,-66.68,0.65
19.71,1,hold,-66.67,0.57
19.8,1,hold,-66.67,0.65
19.88,1,hold,-66.64,0.57
19.97,1,hold,-66.65,0.81
20.05,1,hold,-66.65,0.65
20.14,1,hold,-66.64,0.49
20.23,1,hold,-66.62,0.73
20.32,1,hold,-66.62,0.81
20.4,1,hold,-66.61,0.73
20.49,1,hold,-66.58,0.65
20.57,1,hold,-66.58,0.65
20.66,1,hold,-66.57,0.81
20.74,1,hold,-66.56,0.73
20.83,1,hold,-66.56,0.73
20.92,1,hold,-66.52,0.65
21.0,1,hold,-66.54,0.65
21.09,1,hold,-66.53,0.57
21.17,1,hold,-66.52,0.73
21.26,1,hold,-66.49,0.57
21.34,1,hold,-66.5,0.49
21.43,1,hold,-66.49,0.73
21.51,1,hold,-66.47,0.73
21.6,1,hold,-66.47,0.73
21.68,1,hold,-66.47,0.65
21.77,1,hold,-66.44,0.57
21.85,1,hold,-66.44,0.81
21.94,1,hold,-66.44,0.57
22.02,1,hold,-66.41,0.9
22.11,1,hold,-66.41,0.65
22.19,1,hold,-66.41,0.65
22.28,1,hold,-66.38,0.65
22.36,1,hold,-66.38,0.65
22.45,1,hold,-66.4,0.73
22.53,1,hold,-66.36,0.81
22.62,1,hold,-66.36,0.65
22.71,1,hold,-66.36,0.57
22.79,1,hold,-66.34,0.81
22.88,1,hold,-66.33,0.65
22.96,1,hold,-66.32,0.57
23.05,1,hold,-66.32,0.73
23.13,1,hold,-66.3,0.65
23.22,1,hold,-66.31,0.65
23.31,1,hold,-66.27,0.81
23.39,1,hold,-66.27,0.73
23.48,1,hold,-66.26,0.57
23.57,1,hold,-66.24,0.65
23.65,1,hold,-66.24,0.57
23.74,1,hold,-66.24,0.65
23.82,1,hold,-66.24,0.73
23.91,1,hold,-66.22,0.57
23.99,1,hold,-66.21,0.57
24.08,1,hold,-66.19,0.73
24.16,1,hold,-66.19,0.81
24.25,1,hold,-66.18,0.65
24.34,1,hold,-66.15,0.73
24.42,1,hold,-66.14,0.73
24.51,1,hold,-66.15,0.57
24.59,1,hold,-66.12,0.65
24.68,1,hold,-66.12,0.73
24.76,1,hold,-66.12,0.65
24.85,1,hold,-66.09,0.49
24.93,1,hold,-66.09,0.65
25.02,1,hold,-66.08,0.49
25.11,1,hold,-66.06,0.57
25.19,1,hold,-66.07,0.65
25.28,1,hold,-66.06,0.65
25.36,1,hold,-66.07,0.73
25.45,1,hold,-66.05,0.65
25.54,1,hold,-66.04,0.65
25.62,1,hold,-66.03,0.73
25.71,1,hold,-65.99,0.73
25.8,1,hold,-66.01,0.73
25.88,1,hold,-66.0,0.57
25.97,1,hold,-65.97,0.73
26.05,1,hold,-65.97,0.81
26.14,1,hold,-65.98,0.49
26.22,1,hold,-65.95,0.65
26.31,1,hold,-65.94,0.65
26.4,1,hold,-65.95,0.65
26.48,1,hold,-65.91,0.65
26.57,1,hold,-65.91,0.81
26.65,1,hold,-65.93,0.65
26.74,1,hold,-65.88,0.49
26.82,1,hold,-65.88,0.81
26.91,1,hold,-65.88,0.65
26.99,1,hold,-65.89,0.65
27.08,1,hold,-65.88,0.81
27.17,1,hold,-65.86,0.9
27.25,1,hold,-65.84,0.81
27.34,1,hold,-65.83,0.49
27.42,1,hold,-65.83,0.81
27.51,1,hold,-65.83,0.73
27.59,1,hold,-65.79,0.65
27.68,1,hold,-65.79,0.49
27.76,1,hold,-65.8,0.81
27.85,1,hold,-65.78,0.49
27.93,1,hold,-65.77,0.57
28.02,1,hold,-65.77,0.57
28.1,1,hold,-65.78,0.81
28.19,1,hold,-65.77,0.65
28.27,1,hold,-65.74,0.73
28.36,1,hold,-65.74,0.57
28.45,1,hold,-65.74,0.57
28.53,1,hold,-65.72,0.65
28.62,1,hold,-65.71,0.73
28.7,1,hold,-65.72,0.57
28.79,1,hold,-65.69,0.57
28.88,1,hold,-65.68,0.81
28.96,1,hold,-65.69,0.81
29.05,1,hold,-65.68,0.73
29.14,1,hold,-65.66,0.65
29.22,1,hold,-65.65,0.81
29.31,1,hold,-65.65,0.65
29.4,1,hold,-65.64,0.65
29.48,1,hold,-65.62,0.73
29.57,1,hold,-65.62,0.81
29.65,1,hold,-65.62,0.65
29.74,1,hold,-65.58,0.57
29.82,1,hold,-65.59,0.73
29.91,1,hold,-65.59,0.73
30.0,1,hold,-65.59,0.65
30.08,1,hold,-65.56,0.57
30.17,1,hold,-65.56,0.81
30.25,1,hold,-65.56,0.65
30.34,1,hold,-65.53,0.49
30.42,1,hold,-65.54,0.73
30.51,1,hold,-65.54,0.73
30.59,1,hold,-65.54,0.57
30.68,1,hold,-65.52,0.57
30.76,1,hold,-65.51,0.73
30.85,1,hold,-65.51,0.65
30.93,1,hold,-65.51,0.65
31.02,1,hold,-65.48,0.65
31.11,1,hold,-65.47,0.73
31.19,1,hold,-65.47,0.9
31.28,1,hold,-65.45,0.49
31.37,1,hold,-65.44,0.57
31.45,1,hold,-65.41,0.65
31.54,1,hold,-65.38,0.65
31.62,1,hold,-65.34,0.65
31.71,1,hold,-65.24,0.73
31.79,1,hold,-65.19,0.57
31.88,1,hold,-65.16,0.57
31.97,1,hold,-65.14,0.73
32.05,1,hold,-65.1,0.81
32.14,1,hold,-65.09,0.73
32.22,1,hold,-65.08,0.57
32.31,1,hold,-65.04,0.65
32.4,1,hold,-65.04,0.65
32.48,1,hold,-65.03,0.73
32.57,1,hold,-65.03,0.65
32.65,1,hold,-65.01,0.49
32.74,1,hold,-65.01,0.65
32.82,1,hold,-65.02,0.65
32.91,1,hold,-65.01,0.57
33.0,1,hold,-65.01,0.73
33.08,1,hold,-64.98,0.81
33.17,1,hold,-64.99,0.81
33.25,1,hold,-64.98,0.73
33.34,1,hold,-64.96,0.65
33.42,1,hold,-64.95,0.73
33.51,1,hold,-64.94,0.73
33.6,1,hold,-64.97,0.57
33.68,1,hold,-64.92,0.73
33.77,1,hold,-64.92,0.9
33.85,1,hold,-64.93,0.65
33.94,1,hold,-64.93,0.57
34.03,1,hold,-64.92,0.57
34.11,1,hold,-64.89,0.57
34.2,1,hold,-64.91,0.73
34.29,1,hold,-64.9,0.65
34.37,1,hold,-64.88,0.65
34.46,1,hold,-64.86,0.73
34.55,1,hold,-64.86,0.57
34.63,1,hold,-64.86,0.49
34.72,1,hold,-64.87,0.73
34.8,1,hold,-64.84,0.65
34.89,1,hold,-64.84,0.65
34.98,1,hold,-64.83,0.81
35.06,1,hold,-64.81,0.65
35.15,1,hold,-64.81,0.57
35.23,1,hold,-64.81,0.65
35.32,1,hold,-64.77,0.65
35.4,1,hold,-64.78,0.73
35.49,1,hold,-64.77,0.65
35.57,1,hold,-64.75,0.81
35.66,1,hold,-64.74,0.81
35.74,1,hold,-64.76,0.57
35.83,1,hold,-64.75,0.65
35.91,1,hold,-64.72,0.65
36.0,1,hold,-64.72,0.57
36.08,1,hold,-64.72,0.73
36.17,1,hold,-64.72,0.65
36.26,1,hold,-64.72,0.57
36.34,1,hold,-64.7,0.65
36.43,1,hold,-64.69,0.73
36.51,1,hold,-64.67,0.57
36.6,1,hold,-64.66,0.65
36.69,1,hold,-64.66,0.65
36.77,1,hold,-64.67,0.73
36.86,1,hold,-64.64,0.65
36.94,1,hold,-64.64,0.57
37.03,1,hold,-64.64,0.65
37.11,1,hold,-64.64,0.73
37.2,1,hold,-64.6,0.81
37.29,1,hold,-64.61,0.73
37.37,1,hold,-64.61,0.9
37.46,1,hold,-64.59,0.73
37.54,1,hold,-64.57,0.73
37.63,1,hold,-64.59,0.65
37.71,1,hold,-64.59,0.65
37.8,1,hold,-64.56,0.81
37.89,1,hold,-64.56,0.73
37.98,1,hold,-64.54,0.73
38.06,1,hold,-64.52,0.81
38.15,1,hold,-64.51,0.65
38.23,1,hold,-64.52,0.57
38.32,1,hold,-64.51,0.57
38.4,1,hold,-64.52,0.65
38.49,1,hold,-64.48,0.57
38.58,1,hold,-64.49,0.57
38.66,1,hold,-64.47,0.81
38.75,1,hold,-64.48,0.65
38.84,1,hold,-64.46,0.57
38.92,1,hold,-64.46,0.65
39.01,1,hold,-64.46,0.73
39.09,1,hold,-64.44,0.73
39.18,1,hold,-64.43,0.57
39.27,1,hold,-64.43,0.57
39.35,1,hold,-64.44,0.57
39.44,1,hold,-64.4,0.57
39.52,1,hold,-64.39,0.9
39.61,1,hold,-64.4,0.81
39.69,1,hold,-64.42,0.65
39.78,1,hold,-64.37,0.9
39.87,1,hold,-64.38,0.73
39.95,1,hold,-64.37,0.57
40.04,1,hold,-64.34,0.49
40.12,1,hold,-64.34,0.81
40.21,1,hold,-64.36,0.73
40.29,1,hold,-64.34,0.57
40.38,1,hold,-64.32,0.65
40.47,1,hold,-64.31,0.49
40.55,1,hold,-64.31,0.57
40.64,1,hold,-64.29,0.73
40.72,1,hold,-64.28,0.65
40.81,1,hold,-64.27,0.73
40.89,1,hold,-64.28,0.81
40.98,1,hold,-64.3,0.73
41.07,1,hold,-64.29,0.81
41.15,1,hold,-64.27,0.81
41.24,1,hold,-64.22,0.73
41.32,1,hold,-64.22,0.49
41.41,1,hold,-64.22,0.65
41.49,1,hold,-64.22,0.57
41.58,1,hold,-64.19,0.81
41.67,1,hold,-64.19,0.65
41.75,1,hold,-64.17,0.65
41.84,1,hold,-64.19,0.65
41.92,1,hold,-64.16,0.73
42.01,1,hold,-64.19,0.57
42.1,1,hold,-64.17,0.57
42.18,1,hold,-64.16,0.57
42.27,1,hold,-64.15,0.57
42.35,1,hold,-64.14,0.81
42.44,1,hold,-64.12,0.81
42.52,1,hold,-64.11,0.65
42.61,1,hold,-64.1,0.65
42.69,1,hold,-64.09,0.9
42.78,1,hold,-64.11,0.73
42.86,1,hold,-64.09,0.65
42.95,1,hold,-64.07,0.57
43.03,1,hold,-64.09,0.57
43.12,1,hold,-64.09,0.65
43.21,1,hold,-64.06,0.65
43.29,1,hold,-64.05,0.57
43.37,1,hold,-64.06,0.49
43.46,1,hold,-64.04,0.57
43.55,1,hold,-64.02,0.65
43.63,1,hold,-64.03,0.81
43.72,1,hold,-64.03,0.57
43.8,1,hold,-64.0,0.57
43.89,1,hold,-63.99,0.73
43.97,1,hold,-64.01,0.73
44.06,1,hold,-64.0,0.81
44.14,1,hold,-63.97,0.73
44.23,1,hold,-63.96,0.65
44.31,1,hold,-63.96,0.9
44.4,1,hold,-63.97,0.65
44.49,1,hold,-63.94,0.65
44.57,1,hold,-63.94,0.73
44.65,1,hold,-63.93,0.57
44.74,1,hold,-63.94,0.73
44.83,1,hold,-63.92,0.65
44.91,1,hold,-63.91,0.81
45.0,1,hold,-63.91,0.81
45.08,1,hold,-63.92,0.73
45.17,1,hold,-63.87,0.81
45.25,1,hold,-63.88,0.57
45.34,1,hold,-63.89,0.81
45.42,1,hold,-63.84,0.73
45.51,1,hold,-63.84,0.81
45.59,1,hold,-63.86,0.73
45.68,1,hold,-63.86,0.65
45.76,1,hold,-63.84,0.57
45.85,1,hold,-63.82,0.65
45.94,1,hold,-63.82,0.65
46.02,1,hold,-63.82,0.81
46.11,1,hold,-63.79,0.81
46.19,1,hold,-63.79,0.73
46.28,1,hold,-63.79,0.73
46.36,1,hold,-63.79,0.57
46.45,1,hold,-63.76,0.65
46.53,1,hold,-63.76,0.73
46.62,1,hold,-63.76,0.49
46.7,1,hold,-63.74,0.73
46.79,1,hold,-63.73,0.57
46.88,1,hold,-63.74,0.9
46.96,1,hold,-63.73,0.57
47.05,1,hold,-63.74,0.65
47.13,1,hold,-63.72,0.81
47.22,1,hold,-63.71,0.49
47.3,1,hold,-63.71,0.65
47.39,1,hold,-63.68,0.81
47.47,1,hold,-63.67,0.57
47.56,1,hold,-63.69,0.65
47.65,1,hold,-63.67,0.65
47.73,1,hold,-63.65,0.65
47.82,1,hold,-63.66,0.81
47.9,1,hold,-63.65,0.65
47.99,1,hold,-63.64,0.57
48.07,1,hold,-63.61,0.57
48.16,1,hold,-63.62,0.73
48.24,1,hold,-63.62,0.81
48.33,1,hold,-63.63,0.81
48.42,1,hold,-63.59,0.81
48.5,1,hold,-63.59,0.73
48.59,1,hold,-63.6,0.73
48.67,1,hold,-63.58,0.73
48.76,1,hold,-63.57,0.57
48.85,1,hold,-63.56,0.73
48.93,1,hold,-63.57,0.65
49.02,1,hold,-63.54,0.65
49.1,1,hold,-63.54,0.73
49.19,1,hold,-63.54,0.57
49.27,1,hold,-63.52,0.57
49.36,1,hold,-63.54,0.57
49.45,1,hold,-63.52,0.65
49.54,1,hold,-63.5,0.65
49.62,1,hold,-63.51,0.81
49.71,1,hold,-63.49,0.57
49.79,1,hold,-63.48,0.65
49.88,1,hold,-63.49,0.73
49.97,1,hold,-63.46,0.57
50.06,1,hold,-63.46,0.65
50.14,1,hold,-63.44,0.65
50.23,1,hold,-63.44,0.73
50.31,1,hold,-63.46,0.49
50.4,1,hold,-63.41,0.57
50.48,1,hold,-63.42,0.65
50.57,1,hold,-63.42,0.81
50.65,1,hold,-63.41,0.81
50.74,1,hold,-63.38,0.73
50.82,1,hold,-63.39,0.81
50.91,1,hold,-63.39,0.65
50.99,1,hold,-63.39,0.65
51.08,1,hold,-63.39,0.81
51.16,1,hold,-63.37,0.65
51.25,1,hold,-63.37,0.73
51.33,1,hold,-63.36,0.81
51.42,1,hold,-63.35,0.65
51.5,1,hold,-63.34,0.65
51.59,1,hold,-63.32,0.65
51.68,1,hold,-63.33,0.65
51.76,1,hold,-63.32,0.57
51.85,1,hold,-63.3,0.81
51.93,1,hold,-63.3,0.65
52.02,1,hold,-63.3,0.81
52.11,1,hold,-63.29,0.81
52.19,1,hold,-63.29,0.65
52.28,1,hold,-63.27,0.73
52.36,1,hold,-63.27,0.65
52.45,1,hold,-63.25,0.57
52.53,1,hold,-63.24,0.73
52.62,1,hold,-63.24,0.57
52.71,1,hold,-63.24,0.65
52.79,1,hold,-63.24,0.73
52.88,1,hold,-63.22,0.81
52.96,1,hold,-63.22,0.73
53.05,1,hold,-63.21,0.73
53.14,1,hold,-63.21,0.65
53.22,1,hold,-63.18,0.65
53.31,1,hold,-63.19,0.57
53.39,1,hold,-63.18,0.65
53.48,1,hold,-63.17,0.65
53.57,1,hold,-63.16,0.57
53.65,1,hold,-63.16,0.57
53.74,1,hold,-63.16,0.57
53.82,1,hold,-63.14,0.65
53.91,1,hold,-63.12,0.73
54.0,1,hold,-63.13,0.57
54.08,1,hold,-63.12,0.81
54.17,1,hold,-63.12,0.73
54.25,1,hold,-63.11,0.57
54.34,1,hold,-63.09,0.81
54.42,1,hold,-63.11,0.81
54.51,1,hold,-63.08,0.57
54.6,1,hold,-63.07,0.81
54.68,1,hold,-63.08,0.65
54.77,1,hold,-63.06,0.73
54.85,1,hold,-63.06,0.65
54.94,1,hold,-63.04,0.81
55.02,1,hold,-63.04,0.57
55.11,1,hold,-63.04,0.65
55.19,1,hold,-63.03,0.81
55.28,1,hold,-63.02,0.57
55.37,1,hold,-63.01,0.73
55.45,1,hold,-63.01,0.81
55.54,1,hold,-63.01,0.73
55.62,1,hold,-62.99,0.57
55.71,1,hold,-62.98,0.73
55.8,1,hold,-62.98,0.81
55.88,1,hold,-62.99,0.81
55.97,1,hold,-62.96,0.73
56.06,1,hold,-62.95,0.57
56.14,1,hold,-62.93,0.73
56.23,1,hold,-62.96,0.65
56.31,1,hold,-62.91,0.81
56.4,1,hold,-62.92,0.65
56.48,1,hold,-62.93,0.57
56.57,1,hold,-62.92,0.81
56.65,1,hold,-62.91,0.65
56.74,1,hold,-62.91,0.65
56.82,1,hold,-62.89,0.81
56.91,1,hold,-62.89,0.65
56.99,1,hold,-62.89,0.57
57.08,1,hold,-62.87,0.65
57.16,1,hold,-62.87,0.73
57.25,1,hold,-62.86,0.65
57.33,1,hold,-62.85,0.73
57.42,1,hold,-62.84,0.65
57.5,1,hold,-62.84,0.65
57.59,1,hold,-62.84,0.57
57.68,1,hold,-62.82,0.65
57.76,1,hold,-62.81,0.57
57.85,1,hold,-62.8,0.49
57.93,1,hold,-62.81,0.81
58.02,1,hold,-62.78,0.65
58.1,1,hold,-62.78,0.57
58.19,1,hold,-62.78,0.65
58.28,1,hold,-62.77,0.73
58.36,1,hold,-62.79,0.57
58.45,1,hold,-62.74,0.73
58.53,1,hold,-62.74,0.65
58.62,1,hold,-62.75,0.65
58.71,1,hold,-62.72,0.57
58.79,1,hold,-62.72,0.57
58.88,1,hold,-62.72,0.57
58.96,1,hold,-62.71,0.57
59.05,1,hold,-62.69,0.73
59.13,1,hold,-62.69,0.57
59.22,1,hold,-62.69,0.65
59.3,1,hold,-62.69,0.49
59.39,1,hold,-62.66,0.65
59.48,1,hold,-62.67,0.65
59.56,1,hold,-62.66,0.57
59.65,1,hold,-62.67,0.49
59.74,1,hold,-62.66,0.57
59.82,1,hold,-62.64,0.65
59.91,1,hold,-62.63,0.57
59.99,1,hold,-62.62,0.65
60.08,1,hold,-62.64,0.57
60.17,1,hold,-62.61,0.65
60.26,1,hold,-62.59,0.65
60.34,1,hold,-62.61,0.57
60.42,1,hold,-62.61,0.73
60.51,1,hold,-62.59,0.57
60.6,1,hold,-62.57,0.81
60.69,1,hold,-62.58,0.65
60.77,1,hold,-62.58,0.57
60.86,1,hold,-62.56,0.65
60.95,1,hold,-62.54,0.57
61.03,1,hold,-62.54,0.49
61.12,1,hold,-62.55,0.73
61.21,1,hold,-62.52,0.73
61.29,1,hold,-62.52,0.57
61.38,1,hold,-62.52,0.65
61.47,1,hold,-62.52,0.57
61.55,1,hold,-62.5,0.73
61.64,1,hold,-62.5,0.57
61.72,1,hold,-62.49,0.73
61.81,1,hold,-62.49,0.57
61.9,1,hold,-62.49,0.65
61.98,1,hold,-62.46,0.65
62.07,1,hold,-62.46,0.49
62.15,1,hold,-62.47,0.73
62.24,1,hold,-62.46,0.49
62.32,1,hold,-62.42,0.65
62.41,1,hold,-62.44,0.73
62.5,1,hold,-62.42,0.65
62.58,1,hold,-62.43,0.65
62.67,1,hold,-62.41,0.57
62.75,1,hold,-62.4,0.73
62.84,1,hold,-62.4,0.57
62.93,1,hold,-62.4,0.57
63.01,1,hold,-62.39,0.41
63.1,1,hold,-62.36,0.65
63.19,1,hold,-62.37,0.81
63.27,1,hold,-62.37,0.57
63.36,1,hold,-62.34,0.49
63.44,1,hold,-62.34,0.65
63.53,1,hold,-62.35,0.65
63.61,1,hold,-62.35,0.57
63.7,1,hold,-62.32,0.57
63.78,1,hold,-62.31,0.73
63.87,1,hold,-62.32,0.49
63.96,1,hold,-62.32,0.49
64.04,1,hold,-62.29,0.65
64.13,1,hold,-62.29,0.57
64.21,1,hold,-62.27,0.73
64.3,1,hold,-62.27,0.57
64.38,1,hold,-62.27,0.73
64.47,1,hold,-62.29,0.49
64.55,1,hold,-62.25,0.65
64.64,1,hold,-62.26,0.49
64.73,1,hold,-62.26,0.73
64.81,1,hold,-62.26,0.49
64.9,1,hold,-62.21,0.57
64.98,1,hold,-62.22,0.81
65.07,1,hold,-62.23,0.65
65.15,1,hold,-62.21,0.49
65.24,1,hold,-62.21,0.65
65.33,1,hold,-62.21,0.65
65.41,1,hold,-62.2,0.65
65.5,1,hold,-62.17,0.57
65.59,1,hold,-62.17,0.57
65.67,1,hold,-62.16,0.57
65.76,1,hold,-62.16,0.57
65.84,1,hold,-62.14,0.65
65.93,1,hold,-62.14,0.57
66.01,1,hold,-62.14,0.73
66.1,1,hold,-62.14,0.57
66.19,1,hold,-62.14,0.65
66.27,1,hold,-62.11,0.49
66.36,1,hold,-62.1,0.73
66.44,1,hold,-62.12,0.49
66.53,1,hold,-62.1,0.57
66.62,1,hold,-62.08,0.57
66.7,1,hold,-62.07,0.81
66.79,1,hold,-62.07,0.65
66.87,1,hold,-62.07,0.65
66.96,1,hold,-62.06,0.57
67.04,1,hold,-62.05,0.57
67.13,1,hold,-62.06,0.73
67.21,1,hold,-62.04,0.65
67.3,1,hold,-62.02,0.65
67.39,1,hold,-62.03,0.57
67.47,1,hold,-62.02,0.57
67.56,1,hold,-62.04,0.57
67.65,1,hold,-62.01,0.81
67.73,1,hold,-62.02,0.49
67.82,1,hold,-61.98,0.65
67.9,1,hold,-62.0,0.81
67.99,1,hold,-62.0,0.57
68.07,1,hold,-61.97,0.73
68.16,1,hold,-61.98,0.73
68.24,1,hold,-61.97,0.57
68.33,1,hold,-61.97,0.65
68.42,1,hold,-61.94,0.65
68.5,1,hold,-61.94,0.65
68.59,1,hold,-61.94,0.65
68.67,1,hold,-61.93,0.65
68.76,1,hold,-61.92,0.57
68.84,1,hold,-61.91,0.57
68.93,1,hold,-61.91,0.49
69.01,1,hold,-61.92,0.65
69.1,1,hold,-61.9,0.49
69.18,1,hold,-61.87,0.57
69.27,1,hold,-61.87,0.57
69.35,1,hold,-61.88,0.49
69.44,1,hold,-61.88,0.73
69.53,1,hold,-61.85,0.57
69.61,1,hold,-61.85,0.57
69.69,1,hold,-61.84,0.65
69.78,1,hold,-61.86,0.65
69.87,1,hold,-61.84,0.81
69.95,1,hold,-61.82,0.65
70.04,1,hold,-61.82,0.49
70.13,1,hold,-61.82,0.49
70.21,1,hold,-61.79,0.57
70.29,1,hold,-61.79,0.65
70.38,1,hold,-61.79,0.65
70.47,1,hold,-61.77,0.57
70.55,1,hold,-61.77,0.65
70.64,1,hold,-61.76,0.57
70.72,1,hold,-61.77,0.49
70.81,1,hold,-61.76,0.73
70.9,1,hold,-61.76,0.57
70.98,1,hold,-61.74,0.57
71.07,1,hold,-61.73,0.65
71.15,1,hold,-61.73,0.73
71.24,1,hold,-61.74,0.65
71.32,1,hold,-61.71,0.65
71.41,1,hold,-61.7,0.65
71.5,1,hold,-61.71,0.49
71.58,1,hold,-61.71,0.57
71.67,1,hold,-61.71,0.73
71.75,1,hold,-61.68,0.49
71.84,1,hold,-61.68,0.81
71.92,1,hold,-61.69,0.49
72.01,1,hold,-61.68,0.65
72.09,1,hold,-61.65,0.57
72.18,1,hold,-61.65,0.81
72.26,1,hold,-61.66,0.73
72.35,1,hold,-61.65,0.65
72.44,1,hold,-61.62,0.73
72.52,1,hold,-61.62,0.49
72.61,1,hold,-61.62,0.65
72.7,1,hold,-61.63,0.57
72.78,1,hold,-61.61,0.65
72.87,1,hold,-61.59,0.49
72.95,1,hold,-61.59,0.57
73.04,1,hold,-61.59,0.57
73.12,1,hold,-61.57,0.73
73.21,1,hold,-61.56,0.49
73.3,1,hold,-61.56,0.49
73.38,1,hold,-61.56,0.57
73.47,1,hold,-61.56,0.73
73.55,1,hold,-61.53,0.57
73.64,1,hold,-61.53,0.57
73.72,1,hold,-61.53,0.57
73.81,1,hold,-61.54,0.73
73.9,1,hold,-61.51,0.49
73.98,1,hold,-61.51,0.57
74.07,1,hold,-61.49,0.57
74.15,1,hold,-61.51,0.57
74.24,1,hold,-61.49,0.65
74.32,1,hold,-61.48,0.65
74.41,1,hold,-61.46,0.49
74.49,1,hold,-61.46,0.49
74.58,1,hold,-61.47,0.73
74.66,1,hold,-61.44,0.65
74.75,1,hold,-61.44,0.73
74.84,1,hold,-61.45,0.57
74.92,1,hold,-61.45,0.65
75.01,1,hold,-61.45,0.73
75.1,1,hold,-61.42,0.65
75.18,1,hold,-61.42,0.65
75.27,1,hold,-61.41,0.65
75.35,1,hold,-61.41,0.81
75.44,1,hold,-61.4,0.65
75.53,1,hold,-61.39,0.57
75.61,1,hold,-61.39,0.73
75.7,1,hold,-61.4,0.57
75.79,1,hold,-61.36,0.57
75.87,1,hold,-61.35,0.57
75.95,1,hold,-61.36,0.49
76.04,1,hold,-61.37,0.65
76.13,1,hold,-61.33,0.57
76.21,1,hold,-61.34,0.57
76.3,1,hold,-61.33,0.49
76.39,1,hold,-61.31,0.65
76.47,1,hold,-61.31,0.65
76.56,1,hold,-61.31,0.65
76.64,1,hold,-61.29,0.57
76.73,1,hold,-61.29,0.81
76.81,1,hold,-61.28,0.57
76.9,1,hold,-61.26,0.73
76.99,1,hold,-61.26,0.65
77.07,1,hold,-61.26,0.49
77.16,1,hold,-61.26,0.57
77.24,1,hold,-61.24,0.65
77.33,1,hold,-61.24,0.57
77.41,1,hold,-61.24,0.65
77.5,1,hold,-61.24,0.57
77.59,1,hold,-61.23,0.81
77.67,1,hold,-61.21,0.57
77.76,1,hold,-61.22,0.65
77.84,1,hold,-61.21,0.49
77.93,1,hold,-61.19,0.57
78.02,1,hold,-61.18,0.49
78.1,1,hold,-61.19,0.65
78.19,1,hold,-61.19,0.57
78.28,1,hold,-61.17,0.73
78.36,1,hold,-61.15,0.73
78.45,1,hold,-61.15,0.49
78.53,1,hold,-61.16,0.65
78.62,1,hold,-61.15,0.65
78.71,1,hold,-61.12,0.57
78.79,1,hold,-61.13,0.65
78.88,1,hold,-61.12,0.73
78.96,1,hold,-61.11,0.65
79.05,1,hold,-61.12,0.57
79.13,1,hold,-61.1,0.49
79.22,1,hold,-61.11,0.81
79.31,1,hold,-61.1,0.65
79.39,1,hold,-61.1,0.57
79.48,1,hold,-61.08,0.65
79.56,1,hold,-61.06,0.73
79.65,1,hold,-61.06,0.65
79.73,1,hold,-61.05,0.73
79.82,1,hold,-61.02,0.81
79.91,1,hold,-61.04,0.57
79.99,1,hold,-61.04,0.57
80.08,1,hold,-61.02,0.49
80.16,1,hold,-61.01,0.65
80.25,1,hold,-61.02,0.57
80.33,1,hold,-61.01,0.57
80.42,1,hold,-61.01,0.41
80.51,1,hold,-61.01,0.49
80.59,1,hold,-60.96,0.57
80.68,1,hold,-60.97,0.65
80.76,1,hold,-60.98,0.49
80.85,1,hold,-60.96,0.65
80.94,1,hold,-60.94,0.65
81.02,1,hold,-60.94,0.57
81.11,1,hold,-60.96,0.57
81.19,1,hold,-60.95,0.49
81.28,1,hold,-60.94,0.49
81.36,1,hold,-60.92,0.57
81.45,1,hold,-60.92,0.57
81.54,1,hold,-60.91,0.73
81.62,1,hold,-60.92,0.57
81.71,1,hold,-60.89,0.57
81.79,1,hold,-60.89,0.57
81.88,1,hold,-60.88,0.49
81.96,1,hold,-60.89,0.73
82.05,1,hold,-60.87,0.65
82.13,1,hold,-60.87,0.57
82.22,1,hold,-60.87,0.81
82.3,1,hold,-60.86,0.57
82.39,1,hold,-60.86,0.57
82.47,1,hold,-60.83,0.57
82.56,1,hold,-60.82,0.65
82.65,1,hold,-60.83,0.57
82.73,1,hold,-60.81,0.57
82.82,1,hold,-60.81,0.65
82.9,1,hold,-60.79,0.57
82.99,1,hold,-60.81,0.73
83.08,1,hold,-60.81,0.57
83.16,1,hold,-60.79,0.65
83.25,1,hold,-60.79,0.49
83.33,1,hold,-60.77,0.73
83.42,1,hold,-60.78,0.65
83.5,1,hold,-60.77,0.65
83.59,1,hold,-60.76,0.49
83.68,1,hold,-60.75,0.49
83.76,1,hold,-60.74,0.57
83.85,1,hold,-60.72,0.73
83.93,1,hold,-60.72,0.57
84.02,1,hold,-60.72,0.73
84.1,1,hold,-60.71,0.57
84.19,1,hold,-60.72,0.57
84.27,1,hold,-60.69,0.65
84.36,1,hold,-60.69,0.65
84.45,1,hold,-60.68,0.57
84.53,1,hold,-60.69,0.65
84.62,1,hold,-60.69,0.57
84.7,1,hold,-60.65,0.57
84.79,1,hold,-60.65,0.49
84.88,1,hold,-60.66,0.65
84.96,1,hold,-60.66,0.65
85.05,1,hold,-60.63,0.49
85.13,1,hold,-60.63,0.57
85.22,1,hold,-60.63,0.73
85.31,1,hold,-60.64,0.65
85.39,1,hold,-60.61,0.49
85.48,1,hold,-60.61,0.65
85.57,1,hold,-60.61,0.65
85.65,1,hold,-60.6,0.57
85.74,1,hold,-60.6,0.49
85.82,1,hold,-60.59,0.65
85.91,1,hold,-60.56,0.65
85.99,1,hold,-60.56,0.65
86.08,1,hold,-60.57,0.49
86.17,1,hold,-60.55,0.49
86.25,1,hold,-60.56,0.65
86.34,1,hold,-60.54,0.49
86.42,1,hold,-60.55,0.57
86.51,1,hold,-60.54,0.57
86.59,1,hold,-60.51,0.65
86.68,1,hold,-60.53,0.57
86.77,1,hold,-60.51,0.73
86.85,1,hold,-60.52,0.49
86.94,1,hold,-60.48,0.49
87.02,1,hold,-60.5,0.65
87.11,1,hold,-60.48,0.73
87.2,1,hold,-60.49,0.49
87.28,1,hold,-60.48,0.49
87.37,1,hold,-60.46,0.65
87.45,1,hold,-60.46,0.65
87.54,1,hold,-60.46,0.65
87.62,1,hold,-60.46,0.65
87.71,1,hold,-60.42,0.65
87.79,1,hold,-60.42,0.49
87.88,1,hold,-60.43,0.65
87.96,1,hold,-60.44,0.57
88.05,1,hold,-60.42,0.65
88.14,1,hold,-60.38,0.73
88.22,1,hold,-60.39,0.49
88.31,1,hold,-60.38,0.73
88.39,1,hold,-60.38,0.65
88.48,1,hold,-60.37,0.65
88.57,1,hold,-60.37,0.49
88.65,1,hold,-60.37,0.57
88.74,1,hold,-60.37,0.73
88.82,1,hold,-60.34,0.65
88.91,1,hold,-60.35,0.73
88.99,1,hold,-60.34,0.73
89.08,1,hold,-60.34,0.57
89.17,1,hold,-60.34,0.65
89.25,1,hold,-60.31,0.49
89.33,1,hold,-60.31,0.81
89.42,1,hold,-60.31,0.57
89.51,1,hold,-60.31,0.57
89.59,1,hold,-60.29,0.57
89.68,1,hold,-60.28,0.81
89.76,1,hold,-60.29,0.57
89.85,1,hold,-60.29,0.65
89.93,1,hold,-60.28,0.57
90.02,1,hold,-60.26,0.49
90.11,1,hold,-60.26,0.73
90.19,1,hold,-60.25,0.57
90.28,1,hold,-60.25,0.57
90.36,1,hold,-60.24,0.57
90.45,1,hold,-60.22,0.57
90.53,1,hold,-60.22,0.49
90.62,1,hold,-60.22,0.57
90.7,1,hold,-60.2,0.73
90.79,1,hold,-60.21,0.65
90.88,1,hold,-60.19,0.73
90.96,1,hold,-60.19,0.57
91.05,1,hold,-60.19,0.65
91.13,1,hold,-60.17,0.49
91.22,1,hold,-60.16,0.65
91.3,1,hold,-60.17,0.65
91.39,1,hold,-60.17,0.73
91.47,1,hold,-60.17,0.57
91.56,1,hold,-60.14,0.65
91.64,1,hold,-60.12,0.57
91.73,1,hold,-60.13,0.73
91.82,1,hold,-60.14,0.81
91.9,1,hold,-60.11,0.49
91.99,1,hold,-60.11,0.57
92.08,1,hold,-60.11,0.57
92.16,1,hold,-60.11,0.73
92.25,1,hold,-60.09,0.49
92.34,1,hold,-60.08,0.73
92.42,1,hold,-60.07,0.57
92.51,1,hold,-60.07,0.49
92.59,1,hold,-60.09,0.73
92.68,1,hold,-60.03,0.57
92.76,1,hold,-60.05,0.49
92.85,1,hold,-60.05,0.73
92.93,1,hold,-60.04,0.57
93.02,1,hold,-60.02,0.65
93.11,1,hold,-60.01,0.57
93.19,1,hold,-60.02,0.49
93.28,1,hold,-60.03,0.49
93.36,1,hold,-60.01,0.65
93.45,1,hold,-60.01,0.57
93.53,1,hold,-59.99,0.57
93.62,1,hold,-59.99,0.65
93.7,1,hold,-60.0,0.73
93.79,1,hold,-59.99,0.57
93.87,1,hold,-59.95,0.65
93.96,1,hold,-59.95,0.57
94.04,1,hold,-59.95,0.65
94.13,1,hold,-59.96,0.81
94.21,1,hold,-59.92,0.57
94.3,1,hold,-59.91,0.49
94.39,1,hold,-59.92,0.65
94.47,1,hold,-59.91,0.57
94.55,1,hold,-59.92,0.49
94.64,1,hold,-59.89,0.65
94.73,1,hold,-59.89,0.65
94.81,1,hold,-59.89,0.65
94.9,1,hold,-59.88,0.65
94.98,1,hold,-59.86,0.49
95.07,1,hold,-59.85,0.49
95.15,1,hold,-59.86,0.57
95.24,1,hold,-59.86,0.57
95.33,1,hold,-59.85,0.57
95.41,1,hold,-59.83,0.57
95.5,1,hold,-59.83,0.57
95.58,1,hold,-59.82,0.73
95.67,1,hold,-59.82,0.65
95.75,1,hold,-59.81,0.57
95.84,1,hold,-59.8,0.57
95.92,1,hold,-59.8,0.73
96.01,1,hold,-59.79,0.65
96.09,1,hold,-59.76,0.57
96.18,1,hold,-59.77,0.57
96.27,1,hold,-59.77,0.49
96.35,1,hold,-59.77,0.57
96.44,1,hold,-59.76,0.73
96.52,1,hold,-59.74,0.57
96.61,1,hold,-59.74,0.57
96.7,1,hold,-59.74,0.81
96.78,1,hold,-59.74,0.57
96.87,1,hold,-59.74,0.57
96.95,1,hold,-59.71,0.57
97.04,1,hold,-59.72,0.49
97.12,1,hold,-59.71,0.73
97.21,1,hold,-59.68,0.65
97.3,1,hold,-59.68,0.73
97.38,1,hold,-59.68,0.73
97.47,1,hold,-59.69,0.49
97.56,1,hold,-59.67,0.73
97.64,1,hold,-59.69,0.73
97.73,1,hold,-59.66,0.65
97.81,1,hold,-59.66,0.57
97.9,1,hold,-59.65,0.57
97.98,1,hold,-59.66,0.49
98.07,1,hold,-59.62,0.57
98.16,1,hold,-59.62,0.73
98.24,1,hold,-59.62,0.65
98.33,1,hold,-59.62,0.73
98.41,1,hold,-59.61,0.65
98.5,1,hold,-59.59,0.65
98.58,1,hold,-59.59,0.57
98.67,1,hold,-59.59,0.49
98.75,1,hold,-59.59,0.73
98.84,1,hold,-59.58,0.49
98.93,1,hold,-59.57,0.73
99.01,1,hold,-59.58,0.49
99.1,1,hold,-59.57,0.65
99.18,1,hold,-59.54,0.57
99.27,1,hold,-59.54,0.65
99.35,1,hold,-59.54,0.73
99.44,1,hold,-59.54,0.65
99.53,1,hold,-59.54,0.73
99.61,1,hold,-59.51,0.49
99.7,1,hold,-59.51,0.57
99.78,1,hold,-59.51,0.65
99.87,1,hold,-59.5,0.65
99.95,1,hold,-59.49,0.57
100.04,1,hold,-59.48,0.65
100.13,1,hold,-59.48,0.41
100.21,1,hold,-59.49,0.73
100.3,1,hold,-59.46,0.81
100.38,1,hold,-59.46,0.73
100.47,1,hold,-59.44,0.65
100.55,1,hold,-59.46,0.57
100.64,1,hold,-59.44,0.49
100.72,1,hold,-59.46,0.65
100.81,1,hold,-59.42,0.57
100.89,1,hold,-59.42,0.49
100.98,1,hold,-59.41,0.65
101.06,1,hold,-59.41,0.57
101.15,1,hold,-59.42,0.57
101.24,1,hold,-59.4,0.49
101.32,1,hold,-59.39,0.49
101.41,1,hold,-59.39,0.73
101.49,1,hold,-59.39,0.65
101.58,1,hold,-59.36,0.65
101.66,1,hold,-59.36,0.49
101.75,1,hold,-59.36,0.73
101.83,1,hold,-59.37,0.73
101.92,1,hold,-59.35,0.57
102.01,1,hold,-59.34,0.49
102.09,1,hold,-59.34,0.65
102.18,1,hold,-59.33,0.65
102.27,1,hold,-59.33,0.57
102.35,1,hold,-59.3,0.65
102.44,1,hold,-59.32,0.65
102.53,1,hold,-59.31,0.57
102.61,1,hold,-59.3,0.57
102.7,1,hold,-59.29,0.49
102.78,1,hold,-59.28,0.73
102.87,1,hold,-59.28,0.81
102.96,1,hold,-59.28,0.65
103.04,1,hold,-59.29,0.73
103.12,1,hold,-59.26,0.57
103.21,1,hold,-59.24,0.65
103.3,1,hold,-59.25,0.65
103.38,1,hold,-59.26,0.65
103.47,1,hold,-59.21,0.65
103.56,1,hold,-59.22,0.57
103.64,1,hold,-59.22,0.65
103.73,1,hold,-59.21,0.57
103.81,1,hold,-59.21,0.73
103.9,1,hold,-59.19,0.57
103.99,1,hold,-59.21,0.57
104.07,1,hold,-59.18,0.65
104.16,1,hold,-59.17,0.57
104.25,1,hold,-59.16,0.49
104.33,1,hold,-59.17,0.65
104.42,1,hold,-59.17,0.73
104.5,1,hold,-59.16,0.49
104.59,1,hold,-59.18,0.57
104.67,1,hold,-59.14,0.65
104.76,1,hold,-59.14,0.73
104.84,1,hold,-59.13,0.73
104.93,1,hold,-59.13,0.49
105.02,1,hold,-59.13,0.57
105.1,1,hold,-59.11,0.57
105.19,1,hold,-59.09,0.65
105.28,1,hold,-59.1,0.81
105.36,1,hold,-59.07,0.81
105.45,1,hold,-59.08,0.49
105.54,1,hold,-59.08,0.73
105.62,1,hold,-59.07,0.65
105.71,1,hold,-59.07,0.57
105.79,1,hold,-59.07,0.57
105.88,1,hold,-59.04,0.65
105.96,1,hold,-59.04,0.57
106.05,1,hold,-59.05,0.49
106.13,1,hold,-59.05,0.57
106.22,1,hold,-59.01,0.73
106.31,1,hold,-59.01,0.73
106.39,1,hold,-59.02,0.49
106.48,1,hold,-59.01,0.65
106.56,1,hold,-59.02,0.49
106.65,1,hold,-58.99,0.65
106.73,1,hold,-58.97,0.57
106.82,1,hold,-58.99,0.49
106.9,1,hold,-58.98,0.57
106.99,1,hold,-58.97,0.49
107.08,1,hold,-58.96,0.57
107.16,1,hold,-58.96,0.57
107.25,1,hold,-58.96,0.65
107.33,1,hold,-58.94,0.65
107.42,1,hold,-58.93,0.57
107.51,1,hold,-58.94,0.65
107.59,1,hold,-58.93,0.49
107.68,1,hold,-58.92,0.81
107.76,1,hold,-58.91,0.57
107.85,1,hold,-58.91,0.73
107.93,1,hold,-58.89,0.65
108.02,1,hold,-58.9,0.49
108.1,1,hold,-58.9,0.57
108.19,1,hold,-58.87,0.65
108.28,1,hold,-58.87,0.57
108.36,1,hold,-58.87,0.49
108.45,1,hold,-58.86,0.57
108.53,1,hold,-58.84,0.49
108.62,1,hold,-58.83,0.65
108.7,1,hold,-58.85,0.65
108.79,1,hold,-58.83,0.73
108.87,1,hold,-58.85,0.57
108.96,1,hold,-58.84,0.57
109.04,1,hold,-58.81,0.65
109.13,1,hold,-58.81,0.73
109.21,1,hold,-58.81,0.57
109.3,1,hold,-58.8,0.65
109.39,1,hold,-58.79,0.65
109.47,1,hold,-58.77,0.73
109.56,1,hold,-58.78,0.49
109.64,1,hold,-58.78,0.65
109.73,1,hold,-58.76,0.49
109.82,1,hold,-58.76,0.65
109.9,1,hold,-58.76,0.49
109.99,1,hold,-58.76,0.49
110.07,1,hold,-58.76,0.65
110.16,1,hold,-58.72,0.57
110.25,1,hold,-58.72,0.65
110.33,1,hold,-58.74,0.65
110.42,1,hold,-58.73,0.57
110.5,1,hold,-58.73,0.73
110.59,1,hold,-58.72,0.73
110.68,1,hold,-58.71,0.65
110.76,1,hold,-58.72,0.73
110.85,1,hold,-58.71,0.73
110.93,1,hold,-58.67,0.73
111.02,1,hold,-58.66,0.73
111.1,1,hold,-58.67,0.57
111.19,1,hold,-58.67,0.65
111.27,1,hold,-58.65,0.49
111.36,1,hold,-58.65,0.65
111.44,1,hold,-58.65,0.49
111.53,1,hold,-58.64,0.57
111.62,1,hold,-58.64,0.65
111.71,1,hold,-58.59,0.57
111.79,1,hold,-58.6,0.65
111.88,1,hold,-58.6,0.49
111.96,1,hold,-58.61,0.65
112.05,1,hold,-58.61,0.49
112.14,1,hold,-58.57,0.57
112.22,1,hold,-58.59,0.65
112.31,1,hold,-58.59,0.65
112.39,1,hold,-58.59,0.57
112.48,1,hold,-58.58,0.57
112.57,1,hold,-58.55,0.49
112.65,1,hold,-58.56,0.49
112.74,1,hold,-58.56,0.65
112.82,1,hold,-58.54,0.73
112.91,1,hold,-58.52,0.73
112.99,1,hold,-58.52,0.73
113.08,1,hold,-58.53,0.65
113.16,1,hold,-58.52,0.65
113.25,1,hold,-58.51,0.65
113.34,1,hold,-58.49,0.49
113.42,1,hold,-58.49,0.49
113.51,1,hold,-58.5,0.49
113.59,1,hold,-58.49,0.57
113.68,1,hold,-58.47,0.65
113.76,1,hold,-58.46,0.65
113.85,1,hold,-58.46,0.65
113.93,1,hold,-58.46,0.65
114.02,1,hold,-58.47,0.65
114.1,1,hold,-58.44,0.65
114.19,1,hold,-58.44,0.65
114.27,1,hold,-58.44,0.57
114.36,1,hold,-58.44,0.65
114.45,1,hold,-58.42,0.57
114.54,1,hold,-58.41,0.65
114.62,1,hold,-58.41,0.65
114.71,1,hold,-58.41,0.57
114.79,1,hold,-58.39,0.57
114.88,1,hold,-58.4,0.49
114.96,1,hold,-58.37,0.57
115.05,1,hold,-58.37,0.57
115.14,1,hold,-58.36,0.57
115.22,1,hold,-58.36,0.49
115.31,1,hold,-58.36,0.65
115.39,1,hold,-58.33,0.65
115.48,1,hold,-58.35,0.65
115.56,1,hold,-58.35,0.65
115.65,1,hold,-58.32,0.65
115.73,1,hold,-58.32,0.65
115.82,1,hold,-58.32,0.81
115.9,1,hold,-58.32,0.49
115.99,1,hold,-58.32,0.65
116.08,1,hold,-58.29,0.73
116.16,1,hold,-58.3,0.65
116.25,1,hold,-58.29,0.73
116.34,1,hold,-58.29,0.57
116.42,1,hold,-58.28,0.49
116.51,1,hold,-58.27,0.73
116.59,1,hold,-58.26,0.73
116.68,1,hold,-58.27,0.65
116.76,1,hold,-58.26,0.73
116.85,1,hold,-58.26,0.49
116.93,1,hold,-58.24,0.81
117.02,1,hold,-58.23,0.49
117.1,1,hold,-58.23,0.49
117.19,1,hold,-58.23,0.57
117.28,1,hold,-58.22,0.49
117.36,1,hold,-58.21,0.49
117.45,1,hold,-58.21,0.49
117.53,1,hold,-58.21,0.73
117.62,1,hold,-58.2,0.57
117.7,1,hold,-58.17,0.57
117.79,1,hold,-58.18,0.57
117.87,1,hold,-58.18,0.65
117.96,1,hold,-58.19,0.57
118.04,1,hold,-58.16,0.65
118.13,1,hold,-58.15,0.65
118.21,1,hold,-58.14,0.65
118.3,1,hold,-58.14,0.65
118.38,1,hold,-58.15,0.65
118.47,1,hold,-58.14,0.65
118.55,1,hold,-58.12,0.65
118.64,1,hold,-58.11,0.65
118.73,1,hold,-58.12,0.65
118.81,1,hold,-58.1,0.73
118.9,1,hold,-58.09,0.73
118.98,1,hold,-58.08,0.73
119.07,1,hold,-58.09,0.49
119.16,1,hold,-58.09,0.57
119.24,1,hold,-58.09,0.81
119.33,1,hold,-58.06,0.57
119.42,1,hold,-58.06,0.65
119.5,1,hold,-58.06,0.49
119.59,1,hold,-58.06,0.49
119.67,1,hold,-58.04,0.49
119.76,1,hold,-58.03,0.49
119.84,1,hold,-58.03,0.65
119.93,1,hold,-58.03,0.57
120.02,1,hold,-58.04,0.57
120.1,1,hold,-57.99,0.65
120.19,1,hold,-57.99,0.65
120.27,1,hold,-58.0,0.73
120.36,1,hold,-57.99,0.57
120.44,1,hold,-57.97,0.57
120.53,1,hold,-57.97,0.49
120.61,1,hold,-57.97,0.49
120.7,1,hold,-57.97,0.65
120.78,1,hold,-57.97,0.65
120.87,1,hold,-57.94,0.49
120.95,1,hold,-57.94,0.65
121.04,1,hold,-57.92,0.65
121.12,1,hold,-57.94,0.73
121.21,1,hold,-57.94,0.57
121.3,1,hold,-57.92,0.57
121.38,1,hold,-57.91,0.57
121.47,1,hold,-57.91,0.65
121.55,1,hold,-57.91,0.65
121.64,1,hold,-57.89,0.57
121.72,1,hold,-57.89,0.57
121.81,1,hold,-57.89,0.65
121.9,1,hold,-57.88,0.73
121.98,1,hold,-57.89,0.73
122.07,1,hold,-57.86,0.65
122.15,1,hold,-57.86,0.65
122.24,1,hold,-57.85,0.73
122.32,1,hold,-57.86,0.73
122.41,1,hold,-57.85,0.57
122.5,1,hold,-57.83,0.65
122.58,1,hold,-57.84,0.65
122.67,1,hold,-57.82,0.49
122.75,1,hold,-57.82,0.65
122.84,1,hold,-57.8,0.65
122.93,1,hold,-57.79,0.49
123.01,1,hold,-57.79,0.49
123.1,1,hold,-57.79,0.49
123.18,1,hold,-57.79,0.65
123.27,1,hold,-57.77,0.57
123.35,1,hold,-57.78,0.57
123.44,1,hold,-57.76,0.65
123.53,1,hold,-57.77,0.57
123.61,1,hold,-57.76,0.81
123.7,1,hold,-57.73,0.65
123.78,1,hold,-57.73,0.73
123.87,1,hold,-57.74,0.65
123.95,1,hold,-57.73,0.73
124.04,1,hold,-57.72,0.57
124.12,1,hold,-57.72,0.57
124.21,1,hold,-57.71,0.65
124.29,1,hold,-57.72,0.49
124.38,1,hold,-57.69,0.65
124.47,1,hold,-57.72,0.57
124.55,1,hold,-57.68,0.57
124.64,1,hold,-57.67,0.57
124.72,1,hold,-57.68,0.73
124.81,1,hold,-57.68,0.65
124.89,1,hold,-57.66,0.73
124.98,1,hold,-57.64,0.65
125.06,1,hold,-57.64,0.73
125.15,1,hold,-57.65,0.65
125.24,1,hold,-57.64,0.81
125.32,1,hold,-57.62,0.73
125.41,1,hold,-57.62,0.57
125.49,1,hold,-57.62,0.65
125.58,1,hold,-57.62,0.57
125.66,1,hold,-57.61,0.49
125.75,1,hold,-57.61,0.73
125.84,1,hold,-57.57,0.73
125.92,1,hold,-57.57,0.73
126.01,1,hold,-57.59,0.65
126.09,1,hold,-57.56,0.65
126.18,1,hold,-57.56,0.73
126.27,1,hold,-57.57,0.57
126.35,1,hold,-57.56,0.49
126.44,1,hold,-57.57,0.73
126.52,1,hold,-57.55,0.57
126.61,1,hold,-57.52,0.57
126.69,1,hold,-57.54,0.73
126.78,1,hold,-57.54,0.81
126.86,1,hold,-57.52,0.73
126.95,1,hold,-57.5,0.49
127.04,1,hold,-57.5,0.73
127.12,1,hold,-57.51,0.49
127.21,1,hold,-57.51,0.49
127.29,1,hold,-57.48,0.65
127.38,1,hold,-57.48,0.65
127.46,1,hold,-57.48,0.57
127.55,1,hold,-57.49,0.65
127.63,1,hold,-57.48,0.41
127.72,1,hold,-57.48,0.65
127.81,1,hold,-57.44,0.65
127.89,1,hold,-57.45,0.65
127.98,1,hold,-57.46,0.65
128.07,1,hold,-57.44,0.49
128.15,1,hold,-57.44,0.49
128.24,1,hold,-57.42,0.49
128.32,1,hold,-57.42,0.49
128.41,1,hold,-57.42,0.57
128.49,1,hold,-57.41,0.57
128.58,1,hold,-57.39,0.73
128.67,1,hold,-57.38,0.57
128.75,1,hold,-57.39,0.49
128.84,1,hold,-57.39,0.49
128.92,1,hold,-57.39,0.57
129.01,1,hold,-57.36,0.65
129.1,1,hold,-57.34,0.73
129.18,1,hold,-57.35,0.73
129.27,1,hold,-57.36,0.65
129.35,1,hold,-57.34,0.49
129.44,1,hold,-57.33,0.65
129.52,1,hold,-57.33,0.57
129.61,1,hold,-57.32,0.65
129.69,1,hold,-57.33,0.65
129.78,1,hold,-57.31,0.65
129.87,1,hold,-57.29,0.65
129.95,1,hold,-57.3,0.57
130.04,1,hold,-57.3,0.65
130.12,1,hold,-57.31,0.65
130.21,1,hold,-57.28,0.49
130.3,1,hold,-57.27,0.49
130.38,1,hold,-57.27,0.57
130.47,1,hold,-57.27,0.65
130.55,1,hold,-57.25,0.49
130.64,1,hold,-57.27,0.73
130.72,1,hold,-57.24,0.73
130.81,1,hold,-57.24,0.65
130.89,1,hold,-57.24,0.49
130.98,1,hold,-57.23,0.73
131.06,1,hold,-57.21,0.49
131.15,1,hold,-57.21,0.57
131.24,1,hold,-57.21,0.65
131.32,1,hold,-57.2,0.41
131.41,1,hold,-57.18,0.49
131.49,1,hold,-57.18,0.57
131.58,1,hold,-57.19,0.73
131.67,1,hold,-57.17,0.65
131.75,1,hold,-57.18,0.57
131.84,1,hold,-57.17,0.57
131.92,1,hold,-57.14,0.65
132.01,1,hold,-57.15,0.73
132.09,1,hold,-57.16,0.73
132.18,1,hold,-57.15,0.81
132.26,1,hold,-57.13,0.73
132.35,1,hold,-57.13,0.65
132.43,1,hold,-57.13,0.65
132.52,1,hold,-57.12,0.57
132.61,1,hold,-57.1,0.49
132.69,1,hold,-57.1,0.49
132.78,1,hold,-57.11,0.65
132.86,1,hold,-57.11,0.65
132.95,1,hold,-57.08,0.49
133.03,1,hold,-57.09,0.57
133.12,1,hold,-57.07,0.41
133.2,1,hold,-57.06,0.49
133.29,1,hold,-57.07,0.65
133.37,1,hold,-57.05,0.57
133.46,1,hold,-57.04,0.49
133.55,1,hold,-57.03,0.49
133.63,1,hold,-57.05,0.57
133.72,1,hold,-57.05,0.65
133.8,1,hold,-57.01,0.73
133.89,1,hold,-57.01,0.73
133.97,1,hold,-57.01,0.65
134.06,1,hold,-57.01,0.73
134.15,1,hold,-57.0,0.49
134.23,1,hold,-56.99,0.57
134.32,1,hold,-56.99,0.73
134.4,1,hold,-56.99,0.57
134.49,1,hold,-56.99,0.49
134.58,1,hold,-56.97,0.65
134.66,1,hold,-56.96,0.65
134.75,1,hold,-56.99,0.57
134.83,1,hold,-56.96,0.57
134.92,1,hold,-56.96,0.65
135.0,1,hold,-56.95,0.65
135.09,1,hold,-56.94,0.65
135.18,1,hold,-56.94,0.57
135.26,1,hold,-56.92,0.73
135.35,1,hold,-56.92,0.81
135.43,1,hold,-56.9,0.81
135.52,1,hold,-56.89,0.65
135.6,1,hold,-56.89,0.73
135.69,1,hold,-56.9,0.57
135.78,1,hold,-56.9,0.49
135.86,1,hold,-56.89,0.73
135.95,1,hold,-56.85,0.57
136.03,1,hold,-56.87,0.57
136.12,1,hold,-56.87,0.57
136.2,1,hold,-56.87,0.73
136.29,1,hold,-56.86,0.57
136.37,1,hold,-56.84,0.57
136.46,1,hold,-56.84,0.65
136.55,1,hold,-56.84,0.65
136.63,1,hold,-56.84,0.65
136.72,1,hold,-56.83,0.65
136.8,1,hold,-56.82,0.65
136.89,1,hold,-56.81,0.65
136.97,1,hold,-56.82,0.65
137.06,1,hold,-56.81,0.65
137.15,1,hold,-56.8,0.73
137.23,1,hold,-56.79,0.65
137.32,1,hold,-56.78,0.65
137.4,1,hold,-56.77,0.73
137.49,1,hold,-56.78,0.57
137.57,1,hold,-56.79,0.73
137.66,1,hold,-56.76,0.65
137.74,1,hold,-56.75,0.65
137.83,1,hold,-56.75,0.65
137.91,1,hold,-56.74,0.49
138.0,1,hold,-56.72,0.65
138.08,1,hold,-56.72,0.65
138.17,1,hold,-56.73,0.81
138.25,1,hold,-56.71,0.49
138.34,1,hold,-56.71,0.57
138.43,1,hold,-56.69,0.65
138.51,1,hold,-56.69,0.81
138.6,1,hold,-56.68,0.73
138.68,1,hold,-56.66,0.65
138.77,1,hold,-56.67,0.65
138.85,1,hold,-56.68,0.57
138.94,1,hold,-56.66,0.57
139.03,1,hold,-56.66,0.65
139.11,1,hold,-56.66,0.49
139.2,1,hold,-56.64,0.57
139.28,1,hold,-56.62,0.49
139.37,1,hold,-56.65,0.73
139.46,1,hold,-56.64,0.57
139.54,1,hold,-56.61,0.49
139.62,1,hold,-56.61,0.57
139.71,1,hold,-56.6,0.73
139.8,1,hold,-56.61,0.41
139.88,1,hold,-56.59,0.57
139.97,1,hold,-56.57,0.73
140.05,1,hold,-56.58,0.65
140.14,1,hold,-56.58,0.57
140.22,1,hold,-56.57,0.57
140.31,1,hold,-56.55,0.65
140.39,1,hold,-56.56,0.65
140.48,1,hold,-56.56,0.57
140.57,1,hold,-56.54,0.65
140.65,1,hold,-56.54,0.49
140.74,1,hold,-56.52,0.65
140.83,1,hold,-56.53,0.49
140.91,1,hold,-56.51,0.57
141.0,1,hold,-56.52,0.73
141.09,1,hold,-56.49,0.73
141.17,1,hold,-56.49,0.49
141.25,1,hold,-56.51,0.65
141.34,1,hold,-56.49,0.49
141.43,1,hold,-56.48,0.49
141.51,1,hold,-56.45,0.65
141.6,1,hold,-56.46,0.65
141.68,1,hold,-56.46,0.73
141.77,1,hold,-56.47,0.49
141.85,1,hold,-56.44,0.73
141.94,1,hold,-56.42,0.65
142.02,1,hold,-56.43,0.57
142.11,1,hold,-56.43,0.57
142.19,1,hold,-56.41,0.57
142.28,1,hold,-56.41,0.49
142.37,1,hold,-56.4,0.73
142.45,1,hold,-56.41,0.57
142.54,1,hold,-56.36,0.57
142.62,1,hold,-56.38,0.57
142.71,1,hold,-56.38,0.65
142.79,1,hold,-56.37,0.57
142.88,1,hold,-56.37,0.57
142.97,1,hold,-56.37,0.65
143.05,1,hold,-56.34,0.65
143.14,1,hold,-56.35,0.49
143.22,1,hold,-56.34,0.57
143.31,1,hold,-56.31,0.65
143.39,1,hold,-56.32,0.73
143.48,1,hold,-56.32,0.65
143.56,1,hold,-56.32,0.73
143.65,1,hold,-56.32,0.65
143.73,1,hold,-56.32,0.49
143.82,1,hold,-56.29,0.57
143.9,1,hold,-56.29,0.65
143.99,1,hold,-56.28,0.73
144.07,1,hold,-56.27,0.57
144.16,1,hold,-56.24,0.65
144.25,1,hold,-56.24,0.49
144.33,1,hold,-56.24,0.57
144.42,1,hold,-56.26,0.65
144.5,1,hold,-56.25,0.57
144.59,1,hold,-56.24,0.73
144.67,1,hold,-56.22,0.49
144.76,1,hold,-56.23,0.57
144.85,1,hold,-56.22,0.57
144.93,1,hold,-56.23,0.65
145.02,1,hold,-56.19,0.57
145.1,1,hold,-56.2,0.57
145.19,1,hold,-56.2,0.65
145.28,1,hold,-56.18,0.57
145.36,1,hold,-56.16,0.65
145.45,1,hold,-56.19,0.49
145.53,1,hold,-56.16,0.57
145.62,1,hold,-56.16,0.65
145.71,1,hold,-56.16,0.65
145.79,1,hold,-56.13,0.49
145.88,1,hold,-56.14,0.57
145.96,1,hold,-56.14,0.65
146.05,1,hold,-56.12,0.73
146.13,1,hold,-56.1,0.73
146.22,1,hold,-56.11,0.57
146.31,1,hold,-56.11,0.65
146.39,1,hold,-56.11,0.49
146.48,1,hold,-56.09,0.73
146.56,1,hold,-56.07,0.65
146.65,1,hold,-56.08,0.73
146.73,1,hold,-56.08,0.73
146.82,1,hold,-56.07,0.65
146.91,1,hold,-56.04,0.57
146.99,1,hold,-56.06,0.81
147.08,1,hold,-56.06,0.73
147.16,1,hold,-56.07,0.57
147.25,1,hold,-56.02,0.49
147.34,1,hold,-56.03,0.57
147.42,1,hold,-56.02,0.65
147.5,1,hold,-56.02,0.57
147.59,1,hold,-56.02,0.65
147.68,1,hold,-55.99,0.65
147.76,1,hold,-56.01,0.65
147.85,1,hold,-55.99,0.49
147.93,1,hold,-56.02,0.65
148.02,1,hold,-55.98,0.57
148.1,1,hold,-55.97,0.65
148.19,1,hold,-55.96,0.57
148.27,1,hold,-55.97,0.57
148.36,1,hold,-55.97,0.49
148.45,1,hold,-55.94,0.57
148.53,1,hold,-55.94,0.57
148.62,1,hold,-55.93,0.65
148.7,1,hold,-55.94,0.49
148.79,1,hold,-55.94,0.57
148.87,1,hold,-55.91,0.57
148.96,1,hold,-55.9,0.65
149.04,1,hold,-55.91,0.57
149.13,1,hold,-55.9,0.65
149.22,1,hold,-55.89,0.65
149.3,1,hold,-55.87,0.57
149.39,1,hold,-55.89,0.65
149.47,1,hold,-55.88,0.57
149.56,1,hold,-55.89,0.73
149.64,1,hold,-55.85,0.49
149.73,1,hold,-55.85,0.65
149.82,1,hold,-55.84,0.57
149.9,1,hold,-55.85,0.65
149.99,1,hold,-55.83,0.57
150.07,1,hold,-55.83,0.65
150.16,1,hold,-55.82,0.65
150.24,1,hold,-55.81,0.73
150.33,1,hold,-55.82,0.57
150.42,1,hold,-55.79,0.65
150.5,1,hold,-55.79,0.49
150.59,1,hold,-55.79,0.49
150.67,1,hold,-55.79,0.65
150.76,1,hold,-55.79,0.65
150.84,1,hold,-55.76,0.57
150.93,1,hold,-55.77,0.73
151.01,1,hold,-55.76,0.73
151.1,1,hold,-55.76,0.57
151.18,1,hold,-55.74,0.65
151.27,1,hold,-55.74,0.57
151.35,1,hold,-55.72,0.57
151.44,1,hold,-55.72,0.65
151.53,1,hold,-55.73,0.81
151.61,1,hold,-55.69,0.49
151.7,1,hold,-55.69,0.65
151.78,1,hold,-55.71,0.49
151.87,1,hold,-55.71,0.65
151.96,1,hold,-55.67,0.73
152.04,1,hold,-55.69,0.49
152.13,1,hold,-55.69,0.57
152.21,1,hold,-55.67,0.73
152.3,1,hold,-55.67,0.57
152.38,1,hold,-55.69,0.65
152.47,1,hold,-55.65,0.73
152.55,1,hold,-55.66,0.57
152.64,1,hold,-55.65,0.65
152.72,1,hold,-55.65,0.49
152.81,1,hold,-55.62,0.57
152.89,1,hold,-55.61,0.65
152.98,1,hold,-55.62,0.57
153.06,1,hold,-55.61,0.49
153.15,1,hold,-55.59,0.57
153.24,1,hold,-55.59,0.57
153.32,1,hold,-55.58,0.49
153.41,1,hold,-55.59,0.49
153.49,1,hold,-55.59,0.81
153.58,1,hold,-55.56,0.73
153.66,1,hold,-55.56,0.65
153.75,1,hold,-55.57,0.65
153.84,1,hold,-55.55,0.65
153.92,1,hold,-55.52,0.65
154.0,1,hold,-55.52,0.73
154.09,1,hold,-55.54,0.57
154.18,1,hold,-55.52,0.57
154.26,1,hold,-55.53,0.57
154.34,1,hold,-55.54,0.57
154.43,1,hold,-55.51,0.65
154.52,1,hold,-55.51,0.65
154.6,1,hold,-55.49,0.73
154.69,1,hold,-55.51,0.49
154.77,1,hold,-55.47,0.65
154.86,1,hold,-55.46,0.65
154.94,1,hold,-55.47,0.57
155.03,1,hold,-55.47,0.65
155.11,1,hold,-55.46,0.57
155.2,1,hold,-55.47,0.49
155.29,1,hold,-55.44,0.65
155.37,1,hold,-55.44,0.49
155.46,1,hold,-55.44,0.57
155.55,1,hold,-55.44,0.57
155.63,1,hold,-55.41,0.65
155.72,1,hold,-55.41,0.57
155.8,1,hold,-55.41,0.73
155.89,1,hold,-55.41,0.57
155.97,1,hold,-55.38,0.65
156.06,1,hold,-55.39,0.49
156.15,1,hold,-55.38,0.57
156.23,1,hold,-55.39,0.49
156.32,1,hold,-55.38,0.65
156.4,1,hold,-55.35,0.57
156.49,1,hold,-55.35,0.57
156.57,1,hold,-55.36,0.49
156.66,1,hold,-55.35,0.57
156.74,1,hold,-55.34,0.73
156.83,1,hold,-55.32,0.49
156.92,1,hold,-55.34,0.49
157.0,1,hold,-55.32,0.73
157.09,1,hold,-55.32,0.57
157.17,1,hold,-55.29,0.57
157.26,1,hold,-55.31,0.65
157.35,1,hold,-55.3,0.49
157.43,1,hold,-55.3,0.65
157.52,1,hold,-55.29,0.65
157.6,1,hold,-55.26,0.49
157.69,1,hold,-55.27,0.57
157.78,1,hold,-55.27,0.65
157.86,1,hold,-55.23,0.57
157.95,1,hold,-55.24,0.65
158.03,1,hold,-55.24,0.57
158.12,1,hold,-55.24,0.57
158.2,1,hold,-55.24,0.65
158.29,1,hold,-55.25,0.57
158.37,1,hold,-55.21,0.65
158.46,1,hold,-55.21,0.65
158.54,1,hold,-55.21,0.73
158.63,1,hold,-55.21,0.57
158.72,1,hold,-55.21,0.57
158.8,1,hold,-55.19,0.65
158.89,1,hold,-55.19,0.57
158.97,1,hold,-55.21,0.73
159.06,1,hold,-55.17,0.65
159.15,1,hold,-55.15,0.65
159.23,1,hold,-55.17,0.49
159.32,1,hold,-55.16,0.73
159.4,1,hold,-55.16,0.65
159.49,1,hold,-55.17,0.65
159.58,1,hold,-55.13,0.65
159.66,1,hold,-55.12,0.57
159.75,1,hold,-55.13,0.65
159.83,1,hold,-55.12,0.49
159.92,1,hold,-55.13,0.57
160.0,1,hold,-55.09,0.65
160.09,1,hold,-55.11,0.73
160.17,1,hold,-55.09,0.41
160.26,1,hold,-55.1,0.49
160.35,1,hold,-55.06,0.57
160.43,1,hold,-55.07,0.65
160.52,1,hold,-55.06,0.65
160.61,1,hold,-55.07,0.49
160.69,1,hold,-55.04,0.49
160.78,1,hold,-55.04,0.65
160.86,1,hold,-55.03,0.49
160.95,1,hold,-55.04,0.65
161.04,1,hold,-55.01,0.49
161.12,1,hold,-55.02,0.65
161.21,1,hold,-55.02,0.57
161.29,1,hold,-55.01,0.81
161.38,1,hold,-54.99,0.73
161.46,1,hold,-55.01,0.65
161.55,1,hold,-54.98,0.65
161.64,1,hold,-55.01,0.49
161.72,1,hold,-69.11,0.65
161.81,1,hold,-77.17,0.57
161.89,1,hold,-80.64,0.49
161.98,1,hold,-81.02,0.65
162.06,1,hold,-80.99,0.57
162.15,1,hold,-80.91,0.65
162.23,1,hold,-80.86,0.57
162.32,1,hold,-80.82,0.65
162.41,1,hold,-80.77,0.57
162.49,1,hold,-80.74,0.73
162.58,1,hold,-80.7,0.65
162.66,1,hold,-80.69,0.49
162.75,1,hold,-80.62,0.49
162.83,1,hold,-80.62,0.57
162.92,1,hold,-80.59,0.49
163.01,1,hold,-80.56,0.57
163.09,1,hold,-80.53,0.65
163.17,1,hold,-80.51,0.57
163.26,1,hold,-80.47,0.73
163.35,1,hold,-80.46,0.73
163.44,1,hold,-80.46,0.57
163.52,1,hold,-80.42,0.57
163.61,1,hold,-80.41,0.65
163.7,1,hold,-80.37,0.57
163.78,1,hold,-80.37,0.57
163.87,1,hold,-80.35,0.65
163.95,1,hold,-80.32,0.57
164.04,1,hold,-80.3,0.57
164.12,1,hold,-80.31,0.57
164.21,1,hold,-80.27,0.73
164.29,1,hold,-80.27,0.57
164.38,1,hold,-80.26,0.73
164.47,1,hold,-80.22,0.49
164.55,1,hold,-80.19,0.65
164.64,1,hold,-80.19,0.73
164.72,1,hold,-80.17,0.81
164.81,1,hold,-80.16,0.65
164.9,1,hold,-80.15,0.57
164.98,1,hold,-80.12,0.49
165.07,1,hold,-80.12,0.73
165.15,1,hold,-80.09,0.57
165.24,1,hold,-80.09,0.41
165.32,1,hold,-80.06,0.57
165.41,1,hold,-80.06,0.73
165.49,1,hold,-80.07,0.65
165.58,1,hold,-80.03,0.65
165.67,1,hold,-80.03,0.57
165.75,1,hold,-80.01,0.49
165.83,1,hold,-79.98,0.73
165.92,1,hold,-79.99,0.65
166.01,1,hold,-79.97,0.57
166.09,1,hold,-79.96,0.65
166.18,1,hold,-79.94,0.57
166.27,1,hold,-79.93,0.65
166.35,1,hold,-79.92,0.65
166.44,1,hold,-79.92,0.73
166.52,1,hold,-79.88,0.65
166.61,1,hold,-79.89,0.49
166.7,1,hold,-79.87,0.65
166.78,1,hold,-79.87,0.65
166.87,1,hold,-79.86,0.49
166.96,1,hold,-79.84,0.57
167.04,1,hold,-79.83,0.65
167.12,1,hold,-79.81,0.41
167.21,1,hold,-79.81,0.57
167.3,1,hold,-79.77,0.49
167.38,1,hold,-79.78,0.65
167.47,1,hold,-79.74,0.57
167.55,1,hold,-79.74,0.57
167.64,1,hold,-79.74,0.65
167.72,1,hold,-79.72,0.65
167.81,1,hold,-79.71,0.73
167.89,1,hold,-79.71,0.57
167.98,1,hold,-79.69,0.57
168.07,1,hold,-79.68,0.49
168.15,1,hold,-79.66,0.81
168.24,1,hold,-79.65,0.57
168.32,1,hold,-79.65,0.65
168.41,1,hold,-79.63,0.65
168.49,1,hold,-79.64,0.57
168.58,1,hold,-79.62,0.65
168.66,1,hold,-79.59,0.49
168.75,1,hold,-79.59,0.73
168.83,1,hold,-79.61,0.65
168.92,1,hold,-79.57,0.49
169.01,1,hold,-79.57,0.65
169.09,1,hold,-79.56,0.65
169.18,1,hold,-79.54,0.73
169.26,1,hold,-79.54,0.65
169.35,1,hold,-79.52,0.57
169.43,1,hold,-79.52,0.65
169.52,1,hold,-79.52,0.49
169.61,1,hold,-79.48,0.57
169.69,1,hold,-79.48,0.65
169.78,1,hold,-79.47,0.57
169.86,1,hold,-79.46,0.65
169.95,1,hold,-79.46,0.49
170.03,1,hold,-79.45,0.57
170.12,1,hold,-79.42,0.65
170.2,1,hold,-79.42,0.81
170.29,1,hold,-79.39,0.49
170.38,1,hold,-79.4,0.65
170.46,1,hold,-79.4,0.49
170.55,1,hold,-79.36,0.57
170.63,1,hold,-79.38,0.73
170.72,1,hold,-79.38,0.65
170.8,1,hold,-79.37,0.65
170.89,1,hold,-79.32,0.57
170.98,1,hold,-79.33,0.65
171.06,1,hold,-79.31,0.65
171.15,1,hold,-79.31,0.65
171.23,1,hold,-79.31,0.65
171.32,1,hold,-79.27,0.57
171.4,1,hold,-79.27,0.65
171.49,1,hold,-79.28,0.57
171.57,1,hold,-79.26,0.65
171.66,1,hold,-79.25,0.73
171.74,1,hold,-79.25,0.57
171.83,1,hold,-79.22,0.65
171.91,1,hold,-79.22,0.57
172.0,1,hold,-79.22,0.57
172.08,1,hold,-79.19,0.49
172.17,1,hold,-79.19,0.57
172.26,1,hold,-79.19,0.57
172.34,1,hold,-79.16,0.57
172.43,1,hold,-79.15,0.65
172.51,1,hold,-79.16,0.65
172.6,1,hold,-79.13,0.49
172.69,1,hold,-79.14,0.73
172.77,1,hold,-79.13,0.57
172.86,1,hold,-79.11,0.49
172.94,1,hold,-79.11,0.57
173.03,1,hold,-79.09,0.57
173.11,1,hold,-79.07,0.57
173.2,1,hold,-79.07,0.65
173.29,1,hold,-79.07,0.73
173.37,1,hold,-79.05,0.57
173.46,1,hold,-79.04,0.57
173.54,1,hold,-79.05,0.65
173.63,1,hold,-79.01,0.57
173.71,1,hold,-79.02,0.57
173.8,1,hold,-79.02,0.57
173.88,1,hold,-79.01,0.65
173.97,1,hold,-78.99,0.73
174.05,1,hold,-78.99,0.57
174.14,1,hold,-78.97,0.65
174.23,1,hold,-78.96,0.65
174.31,1,hold,-78.97,0.57
174.4,1,hold,-78.95,0.81
174.48,1,hold,-78.92,0.65
174.57,1,hold,-78.93,0.73
174.65,1,hold,-78.92,0.65
174.74,1,hold,-78.91,0.65
174.83,1,hold,-78.91,0.65
174.91,1,hold,-78.87,0.57
174.99,1,hold,-78.88,0.57
175.08,1,hold,-78.88,0.49
175.17,1,hold,-78.85,0.57
175.25,1,hold,-78.86,0.65
175.34,1,hold,-78.84,0.57
175.42,1,hold,-78.85,0.57
175.51,1,hold,-78.81,0.65
175.59,1,hold,-78.82,0.57
175.68,1,hold,-78.81,0.73
175.77,1,hold,-78.79,0.73
175.85,1,hold,-78.78,0.65
175.94,1,hold,-78.79,0.65
176.02,1,hold,-78.79,0.65
176.11,1,hold,-78.76,0.73
176.19,1,hold,-78.76,0.57
176.28,1,hold,-78.77,0.49
176.36,1,hold,-78.72,0.65
176.45,1,hold,-78.73,0.49
176.54,1,hold,-78.72,0.73
176.62,1,hold,-78.7,0.65
176.71,1,hold,-78.69,0.57
176.79,1,hold,-78.69,0.65
176.88,1,hold,-78.68,0.49
176.96,1,hold,-78.66,0.49
177.05,1,hold,-78.66,0.65
177.13,1,hold,-78.67,0.49
177.22,1,hold,-78.64,0.65
177.31,1,hold,-78.63,0.65
177.39,1,hold,-78.64,0.49
177.48,1,hold,-78.63,0.49
177.56,1,hold,-78.61,0.49
177.65,1,hold,-78.62,0.57
177.74,1,hold,-78.58,0.65
177.82,1,hold,-78.58,0.65
177.91,1,hold,-78.59,0.49
177.99,1,hold,-78.58,0.73
178.08,1,hold,-78.55,0.57
178.16,1,hold,-78.55,0.65
178.25,1,hold,-78.54,0.65
178.33,1,hold,-78.53,0.65
178.42,1,hold,-78.52,0.49
178.5,1,hold,-78.53,0.65
178.59,1,hold,-78.52,0.65
178.68,1,hold,-78.49,0.65
178.76,1,hold,-78.49,0.57
178.85,1,hold,-78.46,0.73
178.93,1,hold,-78.46,0.57
179.02,1,hold,-78.47,0.49
179.1,1,hold,-78.46,0.57
179.19,1,hold,-78.43,0.73
179.27,1,hold,-78.44,0.73
179.36,1,hold,-78.44,0.57
179.45,1,hold,-78.4,0.65
179.53,1,hold,-78.4,0.57
179.62,1,hold,-78.41,0.57
179.7,1,hold,-78.39,0.49
179.79,1,hold,-78.36,0.49
179.88,1,hold,-78.38,0.57
179.96,1,hold,-78.36,0.73
180.05,1,hold,-78.34,0.49
180.13,1,hold,-78.34,0.49
180.22,1,hold,-78.34,0.57
180.3,1,hold,-78.31,0.65
180.39,1,hold,-78.31,0.57
180.48,1,hold,-78.31,0.49
180.56,1,hold,-78.29,0.57
180.65,1,hold,-78.29,0.73
180.73,1,hold,-78.3,0.49
180.82,1,hold,-78.26,0.57
180.9,1,hold,-78.26,0.49
180.99,1,hold,-78.26,0.65
181.08,1,hold,-78.26,0.73
181.16,1,hold,-78.24,0.57
181.25,1,hold,-78.23,0.65
181.33,1,hold,-78.23,0.57
181.42,1,hold,-78.2,0.57
181.5,1,hold,-78.19,0.65
181.59,1,hold,-78.2,0.49
181.67,1,hold,-78.19,0.57
181.76,1,hold,-78.17,0.49
181.84,1,hold,-78.18,0.57
181.93,1,hold,-78.16,0.73
182.01,1,hold,-78.14,0.65
182.1,1,hold,-78.14,0.65
182.19,1,hold,-78.14,0.65
182.27,1,hold,-78.11,0.57
182.36,1,hold,-78.11,0.57
182.44,1,hold,-78.11,0.65
182.53,1,hold,-78.07,0.65
182.61,1,hold,-78.08,0.49
182.7,1,hold,-78.08,0.73
182.79,1,hold,-78.07,0.57
182.87,1,hold,-78.05,0.49
182.96,1,hold,-78.06,0.65
183.04,1,hold,-78.05,0.57
183.13,1,hold,-78.02,0.57
183.21,1,hold,-78.02,0.57
183.3,1,hold,-78.02,0.57
183.38,1,hold,-78.02,0.65
183.47,1,hold,-77.99,0.65
183.56,1,hold,-77.99,0.49
183.64,1,hold,-77.99,0.65
183.73,1,hold,-77.96,0.65
183.82,1,hold,-77.95,0.73
183.9,1,hold,-77.98,0.57
183.99,1,hold,-77.95,0.73
184.08,1,hold,-77.94,0.73
184.16,1,hold,-77.95,0.73
184.25,1,hold,-77.91,0.65
184.33,1,hold,-77.91,0.49
184.42,1,hold,-77.91,0.49
184.51,1,hold,-77.92,0.57
184.59,1,hold,-77.88,0.65
184.68,1,hold,-77.87,0.65
184.76,1,hold,-77.87,0.49
184.85,1,hold,-77.84,0.49
184.93,1,hold,-77.86,0.81
185.02,1,hold,-77.86,0.57
185.1,1,hold,-77.82,0.65
185.19,1,hold,-77.84,0.65
185.27,1,hold,-77.82,0.57
185.36,1,hold,-77.82,0.73
185.45,1,hold,-77.78,0.57
185.53,1,hold,-77.78,0.49
185.62,1,hold,-77.79,0.65
185.7,1,hold,-77.77,0.57
185.79,1,hold,-77.76,0.81
185.87,1,hold,-77.77,0.65
185.96,1,hold,-77.77,0.57
186.04,1,hold,-77.72,0.49
186.13,1,hold,-77.72,0.65
186.22,1,hold,-77.74,0.57
186.3,1,hold,-77.71,0.65
186.39,1,hold,-77.69,0.81
186.47,1,hold,-77.71,0.65
186.56,1,hold,-77.69,0.49
186.65,1,hold,-77.68,0.73
186.73,1,hold,-77.67,0.57
186.82,1,hold,-77.67,0.65
186.9,1,hold,-77.65,0.65
186.99,1,hold,-77.65,0.65
187.07,1,hold,-77.65,0.49
187.16,1,hold,-77.62,0.57
187.24,1,hold,-77.61,0.49
187.33,1,hold,-77.61,0.65
187.42,1,hold,-77.59,0.65
187.5,1,hold,-77.58,0.57
187.59,1,hold,-77.59,0.57
187.68,1,hold,-77.59,0.57
187.76,1,hold,-77.56,0.57
187.85,1,hold,-77.56,0.49
187.93,1,hold,-77.56,0.49
188.02,1,hold,-77.54,0.65
188.1,1,hold,-77.53,0.41
188.19,1,hold,-77.53,0.65
188.28,1,hold,-77.53,0.49
188.36,1,hold,-77.52,0.65
188.45,1,hold,-77.5,0.57
188.53,1,hold,-77.5,0.49
188.62,1,hold,-77.5,0.65
188.7,1,hold,-77.47,0.65
188.79,1,hold,-77.47,0.65
188.87,1,hold,-77.47,0.49
188.96,1,hold,-77.45,0.65
189.05,1,hold,-77.44,0.57
189.13,1,hold,-77.44,0.73
189.22,1,hold,-77.41,0.73
189.31,1,hold,-77.42,0.49
189.39,1,hold,-77.42,0.57
189.48,1,hold,-77.4,0.49
189.56,1,hold,-77.4,0.65
189.65,1,hold,-77.37,0.57
189.73,1,hold,-77.38,0.49
189.82,1,hold,-77.38,0.65
189.9,1,hold,-77.36,0.41
189.99,1,hold,-77.36,0.65
190.08,1,hold,-77.35,0.65
190.16,1,hold,-77.32,0.57
190.25,1,hold,-77.33,0.49
190.33,1,hold,-77.33,0.57
190.42,1,hold,-77.33,0.73
190.5,1,hold,-77.31,0.65
190.59,1,hold,-77.29,0.49
190.68,1,hold,-77.31,0.49
190.76,1,hold,-77.3,0.49
190.85,1,hold,-77.27,0.57
190.93,1,hold,-77.27,0.49
191.02,1,hold,-77.27,0.73
191.1,1,hold,-77.24,0.57
191.19,1,hold,-77.24,0.49
191.28,1,hold,-77.24,0.57
191.36,1,hold,-77.22,0.57
191.45,1,hold,-77.21,0.49
191.53,1,hold,-77.21,0.65
191.62,1,hold,-77.18,0.57
191.7,1,hold,-77.18,0.73
191.79,1,hold,-77.18,0.57
191.87,1,hold,-77.17,0.65
191.96,1,hold,-77.17,0.73
192.05,1,hold,-77.15,0.57
192.14,1,hold,-77.14,0.57
192.22,1,hold,-77.15,0.65
192.31,1,hold,-77.12,0.57
192.39,1,hold,-77.11,0.57
192.48,1,hold,-77.12,0.57
192.56,1,hold,-77.09,0.73
192.65,1,hold,-77.1,0.57
192.74,1,hold,-77.09,0.49
192.82,1,hold,-77.09,0.65
192.91,1,hold,-77.06,0.49
192.99,1,hold,-77.07,0.65
193.08,1,hold,-77.07,0.49
193.16,1,hold,-77.07,0.57
193.25,1,hold,-77.04,0.73
193.33,1,hold,-77.03,0.73
193.42,1,hold,-77.02,0.49
193.5,1,hold,-77.03,0.49
193.59,1,hold,-77.01,0.57
193.67,1,hold,-77.0,0.65
193.76,1,hold,-77.01,0.73
193.84,1,hold,-76.98,0.57
193.93,1,hold,-76.98,0.73
194.02,1,hold,-76.96,0.57
194.1,1,hold,-76.97,0.57
194.19,1,hold,-76.95,0.65
194.28,1,hold,-76.94,0.65
194.36,1,hold,-76.94,0.73
194.45,1,hold,-76.92,0.49
194.53,1,hold,-76.92,0.65
194.62,1,hold,-76.91,0.73
194.7,1,hold,-76.92,0.49
194.79,1,hold,-76.91,0.65
194.88,1,hold,-76.89,0.49
194.96,1,hold,-76.89,0.57
195.05,1,hold,-76.9,0.73
195.13,1,hold,-76.85,0.65
195.22,1,hold,-76.86,0.57
195.3,1,hold,-76.85,0.57
195.39,1,hold,-76.84,0.73
195.48,1,hold,-76.84,0.57
195.56,1,hold,-76.81,0.49
195.65,1,hold,-76.82,0.49
195.73,1,hold,-76.81,0.65
195.82,1,hold,-76.81,0.65
195.9,1,hold,-76.81,0.73
195.99,1,hold,-76.81,0.49
196.07,1,hold,-76.77,0.65
196.16,1,hold,-76.77,0.65
196.25,1,hold,-76.79,0.49
196.33,1,hold,-76.77,0.57
196.42,1,hold,-76.74,0.73
196.51,1,hold,-76.73,0.73
196.59,1,hold,-76.76,0.65
196.68,1,hold,-76.72,0.57
196.76,1,hold,-76.71,0.57
196.85,1,hold,-76.71,0.65
196.93,1,hold,-76.71,0.49
197.02,1,hold,-76.68,0.65
197.1,1,hold,-76.69,0.57
197.19,1,hold,-76.68,0.49
197.28,1,hold,-76.67,0.65
197.36,1,hold,-76.66,0.57
197.45,1,hold,-76.65,0.49
197.54,1,hold,-76.65,0.65
197.62,1,hold,-76.64,0.65
197.71,1,hold,-76.62,0.65
197.79,1,hold,-76.62,0.57
197.88,1,hold,-76.62,0.49
197.96,1,hold,-76.61,0.65
198.05,1,hold,-76.59,0.49
198.13,1,hold,-76.6,0.57
198.22,1,hold,-76.59,0.57
198.3,1,hold,-76.57,0.41
198.39,1,hold,-76.56,0.65
198.47,1,hold,-76.57,0.81
198.56,1,hold,-76.53,0.57
198.64,1,hold,-76.54,0.57
198.73,1,hold,-76.54,0.65
198.82,1,hold,-76.54,0.65
198.91,1,hold,-76.51,0.65
198.99,1,hold,-76.51,0.41
199.08,1,hold,-76.51,0.65
199.16,1,hold,-76.52,0.65
199.25,1,hold,-76.48,0.57
199.34,1,hold,-76.48,0.73
199.42,1,hold,-76.47,0.57
199.51,1,hold,-76.47,0.49
199.6,1,hold,-76.45,0.57
199.68,1,hold,-76.46,0.73
199.77,1,hold,-76.45,0.73
199.85,1,hold,-76.44,0.73
199.94,1,hold,-76.43,0.65
200.02,1,hold,-76.43,0.81
200.11,1,hold,-76.44,0.65
200.2,1,hold,-76.4,0.49
200.28,1,hold,-76.39,0.57
200.37,1,hold,-76.4,0.65
200.45,1,hold,-76.37,0.73
200.54,1,hold,-76.36,0.49
200.62,1,hold,-76.36,0.65
200.71,1,hold,-76.38,0.49
200.8,1,hold,-76.33,0.57
200.88,1,hold,-76.35,0.57
200.96,1,hold,-76.33,0.49
201.05,1,hold,-76.34,0.73
201.14,1,hold,-76.3,0.57
201.22,1,hold,-76.31,0.73
201.31,1,hold,-76.3,0.73
201.39,1,hold,-76.27,0.65
201.48,1,hold,-76.27,0.49
201.57,1,hold,-76.28,0.73
201.65,1,hold,-76.26,0.57
201.74,1,hold,-76.26,0.49
201.83,1,hold,-76.24,0.73
201.91,1,hold,-76.22,0.65
202.0,1,hold,-76.21,0.73
202.08,1,hold,-76.22,0.49
202.17,1,hold,-76.22,0.65
202.26,1,hold,-76.22,0.57
202.34,1,hold,-76.19,0.49
202.43,1,hold,-76.19,0.49
202.52,1,hold,-76.19,0.49
202.6,1,hold,-76.19,0.73
202.69,1,hold,-76.17,0.57
202.77,1,hold,-76.17,0.73
202.86,1,hold,-76.16,0.65
202.94,1,hold,-76.17,0.65
203.03,1,hold,-76.13,0.49
203.11,1,hold,-76.13,0.49
203.2,1,hold,-76.14,0.57
203.28,1,hold,-76.1,0.73
203.37,1,hold,-76.11,0.49
203.45,1,hold,-76.11,0.73
203.54,1,hold,-76.11,0.49
203.63,1,hold,-76.09,0.49
203.71,1,hold,-76.07,0.73
203.8,1,hold,-76.08,0.73
203.88,1,hold,-76.07,0.49
203.97,1,hold,-76.05,0.57
204.06,1,hold,-76.05,0.65
204.14,1,hold,-76.04,0.41
204.23,1,hold,-76.01,0.57
204.31,1,hold,-76.01,0.65
204.4,1,hold,-76.01,0.65
204.49,1,hold,-76.01,0.65
204.57,1,hold,-75.99,0.65
204.66,1,hold,-75.99,0.57
204.74,1,hold,-75.99,0.57
204.83,1,hold,-75.99,0.57
204.91,1,hold,-75.96,0.57
205.0,1,hold,-75.96,0.73
205.08,1,hold,-75.96,0.57
205.17,1,hold,-75.95,0.57
205.25,1,hold,-75.94,0.73
205.34,1,hold,-75.93,0.73
205.43,1,hold,-75.92,0.65
205.51,1,hold,-75.93,0.57
205.6,1,hold,-75.9,0.57
205.68,1,hold,-75.91,0.49
205.77,1,hold,-75.9,0.57
205.85,1,hold,-75.86,0.65
205.94,1,hold,-75.87,0.73
206.02,1,hold,-75.87,0.65
206.11,1,hold,-75.87,0.73
206.19,1,hold,-75.84,0.65
206.28,1,hold,-75.85,0.57
206.36,1,hold,-75.84,0.73
206.45,1,hold,-75.85,0.49
206.53,1,hold,-75.81,0.57
206.62,1,hold,-75.81,0.57
206.71,1,hold,-75.81,0.65
206.79,1,hold,-75.81,0.57
206.88,1,hold,-75.78,0.49
206.96,1,hold,-75.78,0.57
207.05,1,hold,-75.77,0.57
207.14,1,hold,-75.77,0.57
207.22,1,hold,-75.77,0.65
207.31,1,hold,-75.74,0.49
207.39,1,hold,-75.75,0.57
207.48,1,hold,-75.75,0.65
207.56,1,hold,-75.72,0.57
207.65,1,hold,-75.72,0.73
207.74,1,hold,-75.72,0.65
207.82,1,hold,-75.71,0.57
207.9,1,hold,-75.69,0.49
207.99,1,hold,-75.7,0.65
208.08,1,hold,-75.67,0.57
208.16,1,hold,-75.68,0.65
208.25,1,hold,-75.66,0.65
208.33,1,hold,-75.67,0.49
208.42,1,hold,-75.66,0.49
208.51,1,hold,-75.64,0.49
208.59,1,hold,-75.64,0.65
208.68,1,hold,-75.63,0.73
208.76,1,hold,-75.62,0.49
208.85,1,hold,-75.63,0.65
208.93,1,hold,-75.6,0.57
209.02,1,hold,-75.61,0.49
209.1,1,hold,-75.58,0.57
209.19,1,hold,-75.57,0.57
209.27,1,hold,-75.57,0.49
209.36,1,hold,-75.59,0.73
209.44,1,hold,-75.54,0.49
209.53,1,hold,-75.56,0.73
209.62,1,hold,-75.56,0.57
209.7,1,hold,-75.52,0.57
209.79,1,hold,-75.52,0.57
209.87,1,hold,-75.52,0.49
209.96,1,hold,-75.52,0.57
210.04,1,hold,-75.51,0.57
210.13,1,hold,-75.49,0.65
210.22,1,hold,-75.49,0.49
210.3,1,hold,-75.49,0.57
210.39,1,hold,-75.46,0.49
210.47,1,hold,-75.46,0.73
210.56,1,hold,-75.46,0.57
210.65,1,hold,-75.46,0.73
210.73,1,hold,-75.43,0.57
210.82,1,hold,-75.44,0.57
210.91,1,hold,-75.43,0.57
210.99,1,hold,-75.42,0.65
211.08,1,hold,-75.41,0.57
211.16,1,hold,-75.41,0.57
211.25,1,hold,-75.41,0.65
211.34,1,hold,-75.39,0.73
211.42,1,hold,-75.38,0.57
211.51,1,hold,-75.37,0.73
211.59,1,hold,-75.37,0.57
211.68,1,hold,-75.36,0.73
211.77,1,hold,-75.35,0.49
211.85,1,hold,-75.34,0.49
211.94,1,hold,-75.35,0.65
212.02,1,hold,-75.33,0.73
212.11,1,hold,-75.33,0.65
212.19,1,hold,-75.32,0.49
212.28,1,hold,-75.31,0.73
212.37,1,hold,-75.3,0.57
212.45,1,hold,-75.29,0.65
212.54,1,hold,-75.29,0.49
212.62,1,hold,-75.29,0.57
212.71,1,hold,-75.25,0.57
212.79,1,hold,-75.27,0.73
212.88,1,hold,-75.26,0.73
212.96,1,hold,-75.27,0.57
213.05,1,hold,-75.23,0.49
213.13,1,hold,-75.22,0.49
213.22,1,hold,-75.23,0.65
213.3,1,hold,-75.21,0.73
213.39,1,hold,-75.21,0.49
213.48,1,hold,-75.19,0.65
213.56,1,hold,-75.2,0.65
213.65,1,hold,-75.17,0.81
213.73,1,hold,-75.17,0.73
213.82,1,hold,-75.17,0.65
213.91,1,hold,-75.14,0.57
213.99,1,hold,-75.15,0.65
214.08,1,hold,-75.14,0.49
214.16,1,hold,-75.16,0.57
214.25,1,hold,-75.11,0.73
214.33,1,hold,-75.11,0.73
214.42,1,hold,-75.11,0.65
214.5,1,hold,-75.12,0.65
214.59,1,hold,-75.12,0.73
214.68,1,hold,-75.09,0.41
214.76,1,hold,-75.09,0.57
214.85,1,hold,-75.11,0.57
214.93,1,hold,-75.06,0.49
215.02,1,hold,-75.05,0.73
215.1,1,hold,-75.06,0.57
215.19,1,hold,-75.06,0.65
215.27,1,hold,-75.02,0.65
215.36,1,hold,-75.03,0.65
215.45,1,hold,-75.02,0.57
215.53,1,hold,-75.01,0.65
215.62,1,hold,-75.01,0.73
215.7,1,hold,-75.0,0.57
215.79,1,hold,-75.0,0.65
215.87,1,hold,-74.97,0.57
215.96,1,hold,-74.98,0.65
216.04,1,hold,-74.97,0.57
216.13,1,hold,-74.98,0.49
216.22,1,hold,-74.95,0.49
216.3,1,hold,-74.95,0.49
216.39,1,hold,-74.94,0.57
216.47,1,hold,-74.95,0.73
216.56,1,hold,-74.94,0.57
216.64,1,hold,-74.9,0.73
216.73,1,hold,-74.91,0.57
216.81,1,hold,-74.91,0.65
216.9,1,hold,-74.88,0.73
216.98,1,hold,-74.87,0.65
217.07,1,hold,-74.87,0.49
217.16,1,hold,-74.88,0.65
217.24,1,hold,-74.84,0.73
217.33,1,hold,-74.84,0.73
217.41,1,hold,-74.83,0.57
217.5,1,hold,-74.84,0.57
217.59,1,hold,-74.8,0.57
217.67,1,hold,-74.82,0.73
217.76,1,hold,-74.8,0.81
217.84,1,hold,-74.78,0.65
217.93,1,hold,-74.79,0.65
218.01,1,hold,-74.78,0.65
218.1,1,hold,-74.77,0.65
218.18,1,hold,-74.78,0.57
218.27,1,hold,-74.75,0.65
218.35,1,hold,-74.75,0.65
218.44,1,hold,-74.76,0.73
218.53,1,hold,-74.74,0.81
218.61,1,hold,-74.71,0.49
218.7,1,hold,-74.71,0.73
218.78,1,hold,-74.72,0.57
218.87,1,hold,-74.69,0.73
218.96,1,hold,-74.7,0.57
219.04,1,hold,-74.7,0.73
219.13,1,hold,-74.68,0.73
219.21,1,hold,-74.67,0.49
219.3,1,hold,-74.66,0.65
219.38,1,hold,-74.66,0.65
219.47,1,hold,-74.66,0.49
219.55,1,hold,-74.66,0.57
219.64,1,hold,-74.63,0.65
219.72,1,hold,-74.62,0.65
219.81,1,hold,-74.63,0.57
219.89,1,hold,-74.61,0.65
219.98,1,hold,-74.61,0.49
220.07,1,hold,-74.61,0.49
220.15,1,hold,-74.61,0.65
220.24,1,hold,-74.57,0.57
220.32,1,hold,-74.57,0.73
220.41,1,hold,-74.57,0.65
220.49,1,hold,-74.57,0.57
220.58,1,hold,-74.56,0.57
220.66,1,hold,-74.56,0.49
220.75,1,hold,-74.54,0.49
220.83,1,hold,-74.54,0.65
220.92,1,hold,-74.53,0.65
221.0,1,hold,-74.52,0.49
221.09,1,hold,-74.52,0.57
221.18,1,hold,-74.51,0.73
221.26,1,hold,-74.49,0.49
221.35,1,hold,-74.49,0.57
221.43,1,hold,-74.49,0.57
221.52,1,hold,-74.45,0.65
221.6,1,hold,-74.46,0.65
221.69,1,hold,-74.46,0.57
221.77,1,hold,-74.47,0.65
221.86,1,hold,-74.46,0.65
221.94,1,hold,-74.44,0.57
222.03,1,hold,-74.43,0.73
222.12,1,hold,-74.42,0.81
222.2,1,hold,-74.42,0.49
222.29,1,hold,-74.4,0.57
222.38,1,hold,-74.4,0.65
222.46,1,hold,-74.41,0.73
222.55,1,hold,-74.38,0.57
222.63,1,hold,-74.37,0.65
222.72,1,hold,-74.37,0.65
222.8,1,hold,-74.37,0.57
222.89,1,hold,-74.36,0.65
222.97,1,hold,-74.35,0.57
223.06,1,hold,-74.34,0.49
223.14,1,hold,-74.34,0.57
223.23,1,hold,-74.31,0.49
223.32,1,hold,-74.36,0.73
223.4,1,hold,-74.36,0.73
223.49,1,hold,-74.34,0.65
223.57,1,hold,-74.34,0.65
223.66,1,hold,-74.34,0.57
223.74,1,hold,-74.33,0.41
223.83,1,hold,-74.32,0.73
223.91,1,hold,-74.31,0.57
224.0,1,hold,-74.31,0.49
224.09,1,hold,-74.29,0.73
224.17,1,hold,-74.29,0.57
224.26,1,hold,-74.29,0.49
224.35,1,hold,-74.27,0.73
224.43,1,hold,-74.26,0.57
224.52,1,hold,-74.26,0.49
224.6,1,hold,-74.26,0.65
224.69,1,hold,-74.25,0.65
224.77,1,hold,-74.23,0.73
224.86,1,hold,-74.22,0.49
224.94,1,hold,-74.22,0.57
225.03,1,hold,-74.21,0.65
225.11,1,hold,-74.2,0.73
225.2,1,hold,-74.19,0.65
225.29,1,hold,-74.19,0.65
225.37,1,hold,-74.17,0.65
225.46,1,hold,-74.16,0.49
225.54,1,hold,-74.17,0.49
225.63,1,hold,-74.16,0.57
225.72,1,hold,-74.14,0.65
225.8,1,hold,-74.14,0.65
225.89,1,hold,-74.13,0.57
225.97,1,hold,-74.11,0.65
226.06,1,hold,-74.11,0.65
226.15,1,hold,-74.11,0.65
226.23,1,hold,-74.11,0.65
226.32,1,hold,-74.11,0.49
226.4,1,hold,-74.09,0.49
226.49,1,hold,-74.09,0.57
226.57,1,hold,-74.07,0.65
226.66,1,hold,-74.07,0.57
226.75,1,hold,-74.06,0.73
226.83,1,hold,-74.05,0.49
226.92,1,hold,-74.04,0.73
227.0,1,hold,-74.02,0.65
227.09,1,hold,-74.02,0.65
227.18,1,hold,-74.02,0.57
227.26,1,hold,-74.0,0.65
227.35,1,hold,-74.0,0.49
227.43,1,hold,-74.01,0.57
227.52,1,hold,-73.99,0.65
227.61,1,hold,-73.96,0.73
227.69,1,hold,-73.96,0.57
227.78,1,hold,-73.97,0.65
227.86,1,hold,-73.97,0.57
227.95,1,hold,-73.94,0.65
228.03,1,hold,-73.92,0.73
228.12,1,hold,-73.94,0.49
228.2,1,hold,-73.91,0.49
228.29,1,hold,-73.91,0.57
228.37,1,hold,-73.91,0.65
228.46,1,hold,-73.91,0.65
228.54,1,hold,-73.89,0.49
228.63,1,hold,-73.88,0.49
228.72,1,hold,-73.87,0.73
228.8,1,hold,-73.87,0.41
228.89,1,hold,-73.87,0.73
228.97,1,hold,-73.83,0.57
229.06,1,hold,-73.85,0.73
229.14,1,hold,-73.86,0.49
229.23,1,hold,-73.84,0.49
229.32,1,hold,-73.83,0.57
229.4,1,hold,-73.82,0.65
229.49,1,hold,-73.82,0.73
229.57,1,hold,-73.81,0.49
229.66,1,hold,-73.79,0.57
229.74,1,hold,-73.79,0.57
229.82,1,hold,-73.78,0.73
229.91,1,hold,-73.76,0.73
230.0,1,hold,-73.77,0.65
230.08,1,hold,-73.77,0.65
230.16,1,hold,-73.74,0.65
230.25,1,hold,-73.72,0.65
230.34,1,hold,-73.74,0.57
230.42,1,hold,-73.74,0.65
230.51,1,hold,-73.71,0.57
230.59,1,hold,-73.71,0.65
230.68,1,hold,-73.69,0.57
230.76,1,hold,-73.7,0.73
230.85,1,hold,-73.69,0.65
230.93,1,hold,-73.68,0.49
231.02,1,hold,-73.67,0.57
231.11,1,hold,-73.67,0.49
231.19,1,hold,-73.66,0.57
231.28,1,hold,-73.64,0.57
231.36,1,hold,-73.64,0.41
231.45,1,hold,-73.65,0.65
231.53,1,hold,-73.61,0.57
231.62,1,hold,-73.61,0.57
231.71,1,hold,-73.62,0.65
231.79,1,hold,-73.64,0.65
231.88,1,hold,-73.61,0.57
231.96,1,hold,-73.59,0.73
232.05,1,hold,-73.59,0.49
232.14,1,hold,-73.59,0.49
232.22,1,hold,-73.55,0.57
232.31,1,hold,-73.55,0.65
232.39,1,hold,-73.57,0.57
232.48,1,hold,-73.57,0.73
232.57,1,hold,-73.54,0.73
232.65,1,hold,-73.52,0.65
232.74,1,hold,-73.53,0.73
232.82,1,hold,-73.54,0.65
232.91,1,hold,-73.5,0.57
232.99,1,hold,-73.5,0.49
233.08,1,hold,-73.51,0.65
233.16,1,hold,-73.49,0.73
233.25,1,hold,-73.48,0.65
233.34,1,hold,-73.47,0.57
233.42,1,hold,-73.47,0.57
233.5,1,hold,-73.44,0.65
233.59,1,hold,-73.45,0.57
233.68,1,hold,-73.45,0.49
233.76,1,hold,-73.43,0.49
233.85,1,hold,-73.44,0.73
233.94,1,hold,-73.41,0.57
234.02,1,hold,-73.41,0.65
234.11,1,hold,-73.41,0.57
234.19,1,hold,-73.39,0.73
234.28,1,hold,-73.39,0.65
234.36,1,hold,-73.39,0.73
234.45,1,hold,-73.38,0.73
234.54,1,hold,-73.36,0.57
234.62,1,hold,-73.36,0.65
234.71,1,hold,-73.36,0.57
234.79,1,hold,-73.36,0.65
234.88,1,hold,-73.32,0.73
234.96,1,hold,-73.33,0.73
235.05,1,hold,-73.32,0.65
235.13,1,hold,-73.32,0.73
235.22,1,hold,-73.29,0.73
235.31,1,hold,-73.3,0.57
235.39,1,hold,-73.3,0.57
235.47,1,hold,-73.29,0.49
235.56,1,hold,-73.28,0.49
235.65,1,hold,-73.28,0.57
235.73,1,hold,-73.28,0.65
235.82,1,hold,-73.26,0.65
235.9,1,hold,-73.25,0.57
235.99,1,hold,-73.23,0.49
236.07,1,hold,-73.24,0.57
236.16,1,hold,-73.24,0.65
236.25,1,hold,-73.21,0.57
236.33,1,hold,-73.21,0.65
236.42,1,hold,-73.21,0.65
236.5,1,hold,-73.2,0.73
236.59,1,hold,-73.19,0.65
236.67,1,hold,-73.19,0.57
236.76,1,hold,-73.17,0.57
236.84,1,hold,-73.15,0.57
236.93,1,hold,-73.16,0.81
237.02,1,hold,-73.16,0.57
237.1,1,hold,-73.16,0.81
237.19,1,hold,-73.12,0.65
237.27,1,hold,-73.13,0.57
237.36,1,hold,-73.13,0.57
237.44,1,hold,-73.1,0.73
237.53,1,hold,-73.09,0.65
237.62,1,hold,-73.09,0.65
237.7,1,hold,-73.1,0.57
237.79,1,hold,-73.11,0.49
237.88,1,hold,-73.07,0.65
237.96,1,hold,-73.08,0.65
238.05,1,hold,-73.08,0.73
238.13,1,hold,-73.06,0.73
238.22,1,hold,-73.05,0.73
238.31,1,hold,-73.04,0.57
238.39,1,hold,-73.04,0.65
238.48,1,hold,-73.04,0.57
238.56,1,hold,-73.01,0.57
238.65,1,hold,-73.01,0.65
238.73,1,hold,-73.01,0.57
238.82,1,hold,-73.01,0.73
238.91,1,hold,-72.98,0.57
238.99,1,hold,-72.97,0.57
239.08,1,hold,-72.97,0.65
239.16,1,hold,-72.95,0.57
239.25,1,hold,-72.96,0.57
239.34,1,hold,-72.96,0.65
239.42,1,hold,-72.96,0.65
239.51,1,hold,-72.96,0.57
239.59,1,hold,-72.92,0.49
239.68,1,hold,-72.92,0.65
239.76,1,hold,-72.92,0.65
239.85,1,hold,-72.91,0.65
239.93,1,hold,-72.88,0.49
240.02,1,hold,-72.89,0.49
240.1,1,hold,-72.88,0.49
240.19,1,hold,-72.88,0.57
240.27,1,hold,-72.87,0.65
240.36,1,hold,-72.86,0.57
240.45,1,hold,-72.86,0.57
240.53,1,hold,-72.86,0.73
240.62,1,hold,-72.82,0.49
240.7,1,hold,-72.83,0.49
240.79,1,hold,-72.84,0.65
240.87,1,hold,-72.81,0.65
240.96,1,hold,-72.8,0.65
241.05,1,hold,-72.81,0.57
241.13,1,hold,-72.79,0.49
241.22,1,hold,-72.78,0.49
241.3,1,hold,-72.78,0.49
241.39,1,hold,-72.78,0.57
241.47,1,hold,-72.76,0.65
241.56,1,hold,-72.75,0.65
241.65,1,hold,-72.74,0.57
241.73,1,hold,-72.74,0.73
241.82,1,hold,-72.73,0.65
241.9,1,hold,-72.73,0.57
241.99,1,hold,-72.72,0.49
242.08,1,hold,-72.7,0.73
242.16,1,hold,-72.71,0.65
242.25,1,hold,-72.69,0.65
242.33,1,hold,-72.69,0.57
242.42,1,hold,-72.68,0.73
242.51,1,hold,-72.68,0.81
242.59,1,hold,-72.66,0.57
242.68,1,hold,-72.67,0.49
242.76,1,hold,-72.67,0.65
242.85,1,hold,-72.66,0.65
242.93,1,hold,-72.64,0.57
243.02,1,hold,-72.62,0.57
243.11,1,hold,-72.62,0.57
243.19,1,hold,-72.64,0.57
243.28,1,hold,-72.6,0.57
243.36,1,hold,-72.61,0.73
243.45,1,hold,-72.6,0.57
243.54,1,hold,-72.6,0.49
243.62,1,hold,-72.57,0.57
243.71,1,hold,-72.57,0.73
243.79,1,hold,-72.57,0.49
243.88,1,hold,-72.54,0.65
243.96,1,hold,-72.55,0.49
244.05,1,hold,-72.54,0.73
244.14,1,hold,-72.55,0.81
244.22,1,hold,-72.55,0.57
244.31,1,hold,-72.51,0.49
244.39,1,hold,-72.51,0.65
244.48,1,hold,-72.51,0.57
244.57,1,hold,-72.51,0.65
244.65,1,hold,-72.47,0.65
244.74,1,hold,-72.49,0.65
244.82,1,hold,-72.5,0.49
244.91,1,hold,-72.46,0.49
244.99,1,hold,-72.46,0.57
245.08,1,hold,-72.45,0.65
245.17,1,hold,-72.46,0.65
245.25,1,hold,-72.46,0.65
245.34,1,hold,-72.44,0.57
245.42,1,hold,-72.43,0.57
245.51,1,hold,-72.43,0.65
245.59,1,hold,-72.42,0.65
245.68,1,hold,-72.41,0.57
245.77,1,hold,-72.39,0.57
245.85,1,hold,-72.41,0.65
245.94,1,hold,-72.39,0.73
246.02,1,hold,-72.37,0.73
246.11,1,hold,-72.37,0.57
246.19,1,hold,-72.36,0.49
246.28,1,hold,-72.36,0.73
246.37,1,hold,-72.33,0.73
246.46,1,hold,-72.34,0.49
246.54,1,hold,-72.32,0.65
246.63,1,hold,-72.34,0.49
246.72,1,hold,-72.31,0.73
246.8,1,hold,-72.31,0.65
246.89,1,hold,-72.32,0.49
246.97,1,hold,-72.31,0.49
247.06,1,hold,-72.32,0.57
247.15,1,hold,-72.29,0.49
247.23,1,hold,-72.29,0.65
247.31,1,hold,-72.29,0.65
247.4,1,hold,-72.26,0.65
247.49,1,hold,-72.25,0.57
247.57,1,hold,-72.26,0.57
247.66,1,hold,-72.24,0.65
247.75,1,hold,-72.22,0.65
247.83,1,hold,-72.22,0.57
247.92,1,hold,-72.23,0.57
248.0,1,hold,-72.19,0.65
248.09,1,hold,-72.19,0.65
248.18,1,hold,-72.2,0.41
248.26,1,hold,-72.19,0.49
248.35,1,hold,-72.18,0.49
248.43,1,hold,-72.19,0.49
248.52,1,hold,-72.17,0.65
248.6,1,hold,-72.16,0.65
248.69,1,hold,-72.17,0.57
248.77,1,hold,-72.16,0.73
248.86,1,hold,-72.13,0.57
248.94,1,hold,-72.14,0.81
249.03,1,hold,-72.13,0.73
249.12,1,hold,-72.11,0.73
249.2,1,hold,-72.11,0.49
249.29,1,hold,-72.11,0.65
249.37,1,hold,-72.11,0.65
249.46,1,hold,-72.1,0.49
249.54,1,hold,-72.08,0.57
249.63,1,hold,-72.08,0.57
249.72,1,hold,-72.07,0.57
249.8,1,hold,-72.06,0.57
249.89,1,hold,-72.05,0.57
249.97,1,hold,-72.04,0.57
250.06,1,hold,-72.05,0.49
250.14,1,hold,-72.03,0.65
250.23,1,hold,-72.02,0.65
250.31,1,hold,-72.02,0.57
250.4,1,hold,-72.03,0.65
250.48,1,hold,-72.02,0.57
250.57,1,hold,-71.99,0.65
250.66,1,hold,-71.99,0.49
250.74,1,hold,-71.99,0.73
250.83,1,hold,-71.97,0.65
250.91,1,hold,-71.96,0.49
251.0,1,hold,-71.96,0.49
251.08,1,hold,-71.96,0.57
251.17,1,hold,-71.96,0.73
251.25,1,hold,-71.94,0.65
251.34,1,hold,-71.93,0.57
251.43,1,hold,-71.92,0.57
251.51,1,hold,-71.94,0.73
251.6,1,hold,-71.91,0.65
251.69,1,hold,-71.9,0.65
251.77,1,hold,-71.9,0.57
251.85,1,hold,-71.91,0.57
251.94,1,hold,-71.91,0.73
252.03,1,hold,-71.88,0.57
252.11,1,hold,-71.88,0.65
252.2,1,hold,-71.88,0.57
252.29,1,hold,-71.85,0.73
252.37,1,hold,-71.85,0.65
252.46,1,hold,-71.86,0.65
252.54,1,hold,-71.84,0.57
252.63,1,hold,-71.82,0.57
252.72,1,hold,-71.81,0.73
252.8,1,hold,-71.82,0.49
252.89,1,hold,-71.83,0.65
252.98,1,hold,-71.79,0.57
253.06,1,hold,-71.79,0.57
253.14,1,hold,-71.79,0.73
253.23,1,hold,-71.79,0.73
253.32,1,hold,-71.78,0.65
253.4,1,hold,-71.76,0.65
253.49,1,hold,-71.76,0.73
253.57,1,hold,-71.76,0.73
253.66,1,hold,-71.76,0.81
253.74,1,hold,-71.74,0.57
253.83,1,hold,-71.73,0.57
253.92,1,hold,-71.74,0.57
254.0,1,hold,-71.73,0.81
254.09,1,hold,-71.7,0.57
254.18,1,hold,-71.69,0.57
254.26,1,hold,-71.71,0.49
254.35,1,hold,-71.71,0.65
254.43,1,hold,-71.67,0.73
254.52,1,hold,-71.67,0.49
254.61,1,hold,-71.68,0.49
254.69,1,hold,-71.67,0.49
254.78,1,hold,-71.66,0.65
254.86,1,hold,-71.63,0.65
254.95,1,hold,-71.63,0.65
255.03,1,hold,-71.65,0.49
255.12,1,hold,-71.61,0.73
255.2,1,hold,-71.62,0.49
255.29,1,hold,-71.62,0.57
255.38,1,hold,-71.61,0.65
255.46,1,hold,-71.59,0.57
255.55,1,hold,-71.59,0.65
255.63,1,hold,-71.59,0.65
255.72,1,hold,-71.58,0.57
255.8,1,hold,-71.59,0.49
255.89,1,hold,-71.56,0.65
255.98,1,hold,-71.56,0.57
256.06,1,hold,-71.55,0.57
256.15,1,hold,-71.56,0.57
256.23,1,hold,-71.53,0.57
256.32,1,hold,-71.52,0.49
256.4,1,hold,-71.52,0.57
256.49,1,hold,-71.54,0.57
256.58,1,hold,-71.52,0.57
256.66,1,hold,-71.51,0.73
256.75,1,hold,-71.49,0.49
256.83,1,hold,-71.49,0.73
256.92,1,hold,-71.49,0.49
257.0,1,hold,-71.49,0.73
257.09,1,hold,-71.47,0.57
257.17,1,hold,-71.47,0.57
257.26,1,hold,-71.47,0.65
257.35,1,hold,-71.46,0.49
257.43,1,hold,-71.43,0.49
257.52,1,hold,-71.43,0.57
257.6,1,hold,-71.44,0.57
257.69,1,hold,-71.43,0.49
257.77,1,hold,-71.42,0.49
257.86,1,hold,-71.42,0.57
257.95,1,hold,-71.4,0.65
258.03,1,hold,-71.41,0.57
258.12,1,hold,-71.39,0.57
258.2,1,hold,-71.39,0.73
258.29,1,hold,-71.39,0.73
258.37,1,hold,-71.38,0.65
258.46,1,hold,-71.38,0.65
258.55,1,hold,-71.34,0.65
258.63,1,hold,-71.35,0.73
258.72,1,hold,-71.36,0.57
258.8,1,hold,-71.34,0.65
258.89,1,hold,-71.31,0.73
258.97,1,hold,-71.33,0.65
259.06,1,hold,-71.32,0.57
259.14,1,hold,-71.29,0.65
259.23,1,hold,-71.3,0.65
259.32,1,hold,-71.3,0.65
259.4,1,hold,-71.29,0.65
259.49,1,hold,-71.27,0.57
259.57,1,hold,-71.27,0.57
259.66,1,hold,-71.27,0.49
259.75,1,hold,-71.27,0.57
259.83,1,hold,-71.25,0.57
259.92,1,hold,-71.23,0.49
260.0,1,hold,-71.24,0.57
260.09,1,hold,-71.24,0.65
260.17,1,hold,-71.22,0.73
260.26,1,hold,-71.22,0.73
260.34,1,hold,-71.21,0.57
260.43,1,hold,-71.21,0.57
260.52,1,hold,-71.21,0.65
260.6,1,hold,-71.18,0.73
260.69,1,hold,-71.17,0.49
260.77,1,hold,-71.17,0.49
260.86,1,hold,-71.16,0.65
260.95,1,hold,-71.16,0.57
261.03,1,hold,-71.14,0.57
261.12,1,hold,-71.15,0.57
261.2,1,hold,-71.15,0.73
261.29,1,hold,-71.12,0.65
261.38,1,hold,-71.11,0.65
261.46,1,hold,-71.11,0.65
261.55,1,hold,-71.12,0.65
261.63,1,hold,-71.12,0.65
261.72,1,hold,-71.09,0.57
261.8,1,hold,-71.08,0.57
261.89,1,hold,-71.09,0.49
261.97,1,hold,-71.07,0.65
262.06,1,hold,-71.08,0.65
262.14,1,hold,-71.07,0.57
262.23,1,hold,-71.06,0.57
262.32,1,hold,-71.06,0.57
262.41,1,hold,-71.04,0.73
262.49,1,hold,-71.04,0.49
262.58,1,hold,-71.04,0.57
262.66,1,hold,-71.02,0.57
262.75,1,hold,-71.02,0.57
262.84,1,hold,-71.0,0.73
262.92,1,hold,-71.01,0.57
263.01,1,hold,-71.01,0.57
263.09,1,hold,-70.98,0.49
263.18,1,hold,-70.97,0.73
263.27,1,hold,-70.97,0.65
263.35,1,hold,-70.98,0.49
263.44,1,hold,-70.94,0.65
263.52,1,hold,-70.96,0.65
263.61,1,hold,-70.94,0.57
263.69,1,hold,-70.94,0.57
263.78,1,hold,-70.95,0.57
263.87,1,hold,-70.92,0.49
263.95,1,hold,-70.91,0.65
264.04,1,hold,-70.92,0.73
264.12,1,hold,-70.89,0.73
264.21,1,hold,-70.88,0.65
264.29,1,hold,-70.89,0.73
264.38,1,hold,-70.89,0.49
264.46,1,hold,-70.89,0.57
264.55,1,hold,-70.86,0.65
264.64,1,hold,-70.86,0.49
264.72,1,hold,-70.86,0.57
264.81,1,hold,-70.85,0.57
264.89,1,hold,-70.84,0.57
264.98,1,hold,-70.82,0.49
265.06,1,hold,-70.82,0.49
265.15,1,hold,-70.82,0.65
265.23,1,hold,-70.83,0.73
265.32,1,hold,-70.8,0.57
265.41,1,hold,-70.79,0.49
265.49,1,hold,-70.8,0.49
265.58,1,hold,-70.79,0.65
265.66,1,hold,-70.77,0.57
265.75,1,hold,-70.77,0.49
265.84,1,hold,-70.77,0.65
265.92,1,hold,-70.76,0.65
266.01,1,hold,-70.75,0.73
266.09,1,hold,-70.74,0.65
266.18,1,hold,-70.74,0.73
266.26,1,hold,-70.74,0.65
266.35,1,hold,-70.7,0.65
266.44,1,hold,-70.72,0.65
266.52,1,hold,-70.72,0.57
266.61,1,hold,-70.72,0.57
266.69,1,hold,-70.72,0.65
266.78,1,hold,-70.69,0.57
266.87,1,hold,-70.68,0.65
266.95,1,hold,-70.69,0.73
267.04,1,hold,-70.67,0.57
267.12,1,hold,-70.64,0.73
267.21,1,hold,-70.66,0.49
267.29,1,hold,-70.65,0.49
267.38,1,hold,-70.64,0.57
267.47,1,hold,-70.62,0.49
267.55,1,hold,-70.64,0.57
267.64,1,hold,-70.62,0.49
267.72,1,hold,-70.62,0.57
267.81,1,hold,-70.59,0.57
267.89,1,hold,-70.61,0.57
267.98,1,hold,-70.61,0.65
268.06,1,hold,-70.61,0.65
268.15,1,hold,-70.57,0.65
268.24,1,hold,-70.56,0.73
268.32,1,hold,-70.56,0.65
268.41,1,hold,-70.57,0.65
268.5,1,hold,-70.57,0.73
268.58,1,hold,-70.53,0.49
268.67,1,hold,-70.55,0.57
268.75,1,hold,-70.54,0.73
268.84,1,hold,-70.52,0.57
268.92,1,hold,-70.51,0.65
269.01,1,hold,-70.52,0.65
269.09,1,hold,-70.51,0.57
269.18,1,hold,-70.51,0.57
269.26,1,hold,-70.49,0.57
269.35,1,hold,-70.48,0.65
269.44,1,hold,-70.49,0.49
269.52,1,hold,-70.49,0.57
269.6,1,hold,-70.47,0.57
269.69,1,hold,-70.45,0.57
269.78,1,hold,-70.46,0.65
269.86,1,hold,-70.46,0.49
269.95,1,hold,-70.46,0.65
270.03,1,hold,-70.43,0.49
270.12,1,hold,-70.42,0.49
270.21,1,hold,-70.43,0.73
270.29,1,hold,-70.44,0.65
270.38,1,hold,-70.42,0.57
270.46,1,hold,-70.4,0.65
270.55,1,hold,-70.4,0.57
270.63,1,hold,-70.4,0.49
270.72,1,hold,-70.39,0.49
270.81,1,hold,-70.37,0.81
270.89,1,hold,-70.37,0.57
270.98,1,hold,-70.36,0.57
271.07,1,hold,-70.34,0.65
271.15,1,hold,-70.34,0.57
271.23,1,hold,-70.34,0.49
271.32,1,hold,-70.34,0.49
271.41,1,hold,-70.34,0.73
271.49,1,hold,-70.31,0.49
271.58,1,hold,-70.32,0.65
271.66,1,hold,-70.31,0.49
271.75,1,hold,-70.31,0.65
271.84,1,hold,-70.32,0.57
271.92,1,hold,-70.28,0.65
272.01,1,hold,-70.28,0.73
272.09,1,hold,-70.28,0.49
272.18,1,hold,-70.25,0.73
272.26,1,hold,-70.26,0.57
272.35,1,hold,-70.25,0.57
272.43,1,hold,-70.26,0.49
272.52,1,hold,-70.26,0.49
272.6,1,hold,-70.24,0.65
272.69,1,hold,-70.22,0.49
272.77,1,hold,-70.22,0.65
272.86,1,hold,-70.23,0.57
272.94,1,hold,-70.19,0.57
273.03,1,hold,-70.19,0.57
273.11,1,hold,-70.19,0.65
273.2,1,hold,-70.2,0.65
273.28,1,hold,-70.17,0.65
273.37,1,hold,-70.17,0.57
273.46,1,hold,-70.17,0.41
273.54,1,hold,-70.16,0.81
273.63,1,hold,-70.16,0.73
273.72,1,hold,-70.14,0.73
273.8,1,hold,-70.14,0.65
273.89,1,hold,-70.15,0.57
273.98,1,hold,-70.14,0.65
274.06,1,hold,-70.1,0.57
274.15,1,hold,-70.11,0.57
274.23,1,hold,-70.11,0.49
274.32,1,hold,-70.1,0.57
274.4,1,hold,-70.09,0.57
274.49,1,hold,-70.08,0.73
274.58,1,hold,-70.08,0.65
274.66,1,hold,-70.09,0.65
274.75,1,hold,-70.07,0.65
274.83,1,hold,-70.03,0.57
274.92,1,hold,-70.06,0.65
275.01,1,hold,-70.04,0.65
275.09,1,hold,-70.04,0.65
275.18,1,hold,-70.04,0.73
275.26,1,hold,-70.02,0.73
275.35,1,hold,-70.02,0.57
275.44,1,hold,-70.02,0.49
275.52,1,hold,-70.0,0.57
275.61,1,hold,-69.99,0.65
275.69,1,hold,-70.0,0.49
275.78,1,hold,-69.99,0.65
275.86,1,hold,-69.97,0.49
275.95,1,hold,-69.96,0.57
276.04,1,hold,-69.96,0.49
276.12,1,hold,-69.96,0.41
276.21,1,hold,-69.94,0.73
276.3,1,hold,-69.92,0.65
276.38,1,hold,-69.94,0.65
276.47,1,hold,-69.94,0.57
276.55,1,hold,-69.94,0.57
276.64,1,hold,-69.91,0.57
276.73,1,hold,-69.91,0.57
276.81,1,hold,-69.91,0.73
276.9,1,hold,-69.89,0.73
276.98,1,hold,-69.87,0.73
277.07,1,hold,-69.88,0.49
277.15,1,hold,-69.88,0.65
277.24,1,hold,-69.88,0.49
277.33,1,hold,-69.85,0.73
277.41,1,hold,-69.84,0.65
277.5,1,hold,-69.85,0.57
277.58,1,hold,-69.85,0.41
277.67,1,hold,-69.84,0.49
277.75,1,hold,-69.82,0.65
277.84,1,hold,-69.81,0.65
277.93,1,hold,-69.82,0.57
278.01,1,hold,-69.83,0.57
278.1,1,hold,-69.79,0.65
278.18,1,hold,-69.8,0.73
278.27,1,hold,-69.79,0.57
278.35,1,hold,-69.79,0.49
278.44,1,hold,-69.76,0.49
278.53,1,hold,-69.76,0.65
278.61,1,hold,-69.76,0.57
278.7,1,hold,-69.77,0.65
278.78,1,hold,-69.72,0.65
278.87,1,hold,-69.74,0.57
278.95,1,hold,-69.72,0.65
279.04,1,hold,-69.72,0.49
279.12,1,hold,-69.73,0.65
279.21,1,hold,-69.71,0.65
279.29,1,hold,-69.7,0.65
279.38,1,hold,-69.7,0.57
279.47,1,hold,-69.71,0.57
279.55,1,hold,-69.68,0.57
279.64,1,hold,-69.69,0.65
279.73,1,hold,-69.67,0.57
279.81,1,hold,-69.67,0.57
279.9,1,hold,-69.64,0.65
279.99,1,hold,-69.64,0.73
280.07,1,hold,-69.64,0.65
280.16,1,hold,-69.65,0.49
280.24,1,hold,-69.62,0.49
280.33,1,hold,-69.62,0.49
280.41,1,hold,-69.62,0.65
280.5,1,hold,-69.61,0.65
280.59,1,hold,-69.59,0.49
280.67,1,hold,-69.59,0.73
280.76,1,hold,-69.6,0.65
280.84,1,hold,-69.59,0.57
280.93,1,hold,-69.57,0.49
281.01,1,hold,-69.56,0.57
281.1,1,hold,-69.57,0.49
281.18,1,hold,-69.56,0.49
281.27,1,hold,-69.53,0.49
281.35,1,hold,-69.53,0.57
281.44,1,hold,-69.52,0.65
281.53,1,hold,-69.52,0.73
281.61,1,hold,-69.53,0.73
281.7,1,hold,-69.5,0.57
281.78,1,hold,-69.51,0.73
281.87,1,hold,-69.51,0.57
281.95,1,hold,-69.51,0.49
282.04,1,hold,-69.49,0.65
282.12,1,hold,-69.48,0.65
282.21,1,hold,-69.47,0.65
282.29,1,hold,-69.46,0.65
282.38,1,hold,-69.47,0.65
282.46,1,hold,-69.44,0.49
282.55,1,hold,-69.44,0.41
282.63,1,hold,-69.45,0.73
282.72,1,hold,-69.44,0.73
282.8,1,hold,-69.43,0.41
282.89,1,hold,-69.41,0.49
282.97,1,hold,-69.41,0.65
283.06,1,hold,-69.4,0.65
283.15,1,hold,-69.41,0.65
283.23,1,hold,-69.38,0.57
283.32,1,hold,-69.38,0.57
283.4,1,hold,-69.39,0.65
283.49,1,hold,-69.38,0.65
283.57,1,hold,-69.35,0.65
283.66,1,hold,-69.36,0.57
283.75,1,hold,-69.36,0.65
283.83,1,hold,-69.36,0.65
283.92,1,hold,-69.32,0.57
284.0,1,hold,-69.32,0.65
284.09,1,hold,-69.33,0.57
284.17,1,hold,-69.32,0.57
284.26,1,hold,-69.31,0.73
284.35,1,hold,-69.29,0.73
284.43,1,hold,-69.3,0.65
284.52,1,hold,-69.31,0.65
284.6,1,hold,-69.28,0.49
284.69,1,hold,-69.27,0.49
284.77,1,hold,-69.27,0.49
284.86,1,hold,-69.27,0.49
284.94,1,hold,-69.27,0.73
285.03,1,hold,-69.24,0.41
285.11,1,hold,-69.24,0.49
285.2,1,hold,-69.24,0.49
285.28,1,hold,-69.23,0.65
285.37,1,hold,-69.21,0.65
285.45,1,hold,-69.21,0.57
285.54,1,hold,-69.21,0.57
285.62,1,hold,-69.22,0.57
285.71,1,hold,-69.19,0.49
285.8,1,hold,-69.18,0.73
285.88,1,hold,-69.18,0.57
285.97,1,hold,-69.19,0.57
286.05,1,hold,-69.18,0.57
286.14,1,hold,-69.16,0.57
286.23,1,hold,-69.15,0.73
286.31,1,hold,-69.16,0.49
286.4,1,hold,-69.14,0.73
286.48,1,hold,-69.12,0.73
286.57,1,hold,-69.12,0.57
286.65,1,hold,-69.13,0.57
286.74,1,hold,-69.12,0.65
286.82,1,hold,-69.11,0.65
286.91,1,hold,-69.1,0.65
286.99,1,hold,-69.09,0.73
287.08,1,hold,-69.09,0.73
287.16,1,hold,-69.07,0.49
287.25,1,hold,-69.07,0.57
287.34,1,hold,-69.07,0.57
287.42,1,hold,-69.06,0.73
287.51,1,hold,-69.06,0.57
287.6,1,hold,-69.03,0.57
287.68,1,hold,-69.03,0.65
287.77,1,hold,-69.04,0.57
287.85,1,hold,-69.04,0.57
287.94,1,hold,-69.01,0.65
288.02,1,hold,-69.01,0.65
288.11,1,hold,-69.0,0.57
288.2,1,hold,-69.02,0.49
288.28,1,hold,-68.99,0.57
288.37,1,hold,-68.97,0.49
288.46,1,hold,-68.97,0.73
288.54,1,hold,-68.97,0.65
288.63,1,hold,-68.98,0.65
288.71,1,hold,-68.94,0.73
288.8,1,hold,-68.96,0.65
288.88,1,hold,-68.94,0.57
288.97,1,hold,-68.95,0.65
289.06,1,hold,-68.92,0.57
289.14,1,hold,-68.91,0.57
289.23,1,hold,-68.92,0.57
289.31,1,hold,-68.91,0.49
289.4,1,hold,-68.9,0.73
289.48,1,hold,-68.89,0.57
289.57,1,hold,-68.89,0.65
289.65,1,hold,-68.9,0.57
289.74,1,hold,-68.89,0.65
289.83,1,hold,-68.86,0.73
289.91,1,hold,-68.86,0.49
290.0,1,hold,-68.87,0.81
290.09,1,hold,-68.84,0.73
290.17,1,hold,-68.83,0.65
290.26,1,hold,-68.83,0.57
290.34,1,hold,-68.84,0.57
290.43,1,hold,-68.83,0.57
290.51,1,hold,-68.81,0.65
290.6,1,hold,-68.79,0.65
290.69,1,hold,-68.8,0.65
290.77,1,hold,-68.81,0.57
290.86,1,hold,-68.78,0.49
290.94,1,hold,-68.76,0.57
291.03,1,hold,-68.78,0.57
291.12,1,hold,-68.77,0.57
291.2,1,hold,-68.77,0.49
291.29,1,hold,-68.74,0.57
291.37,1,hold,-68.74,0.57
291.46,1,hold,-68.74,0.65
291.54,1,hold,-68.72,0.65
291.63,1,hold,-68.71,0.49
291.72,1,hold,-68.72,0.65
291.81,1,hold,-68.72,0.57
291.89,1,hold,-68.71,0.57
291.98,1,hold,-68.69,0.49
292.06,1,hold,-68.69,0.65
292.15,1,hold,-68.69,0.65
292.24,1,hold,-68.69,0.57
292.32,1,hold,-68.66,0.49
292.41,1,hold,-68.66,0.49
292.49,1,hold,-68.65,0.65
292.58,1,hold,-68.66,0.65
292.66,1,hold,-68.66,0.65
292.75,1,hold,-68.62,0.65
292.84,1,hold,-68.63,0.65
292.92,1,hold,-68.63,0.65
293.01,1,hold,-68.62,0.57
293.09,1,hold,-68.61,0.57
293.18,1,hold,-68.6,0.65
293.26,1,hold,-68.6,0.65
293.35,1,hold,-68.6,0.57
293.43,1,hold,-68.56,0.49
293.52,1,hold,-68.56,0.73
293.6,1,hold,-68.57,0.65
293.69,1,hold,-68.57,0.57
293.78,1,hold,-68.55,0.57
293.86,1,hold,-68.54,0.57
293.95,1,hold,-68.56,0.57
294.03,1,hold,-68.55,0.65
294.12,1,hold,-68.54,0.65
294.2,1,hold,-68.51,0.73
294.29,1,hold,-68.51,0.65
294.37,1,hold,-68.51,0.57
294.46,1,hold,-68.52,0.57
294.54,1,hold,-68.5,0.49
294.63,1,hold,-68.49,0.65
294.72,1,hold,-68.48,0.57
294.8,1,hold,-68.46,0.65
294.89,1,hold,-68.49,0.49
294.97,1,hold,-68.46,0.73
295.06,1,hold,-68.44,0.73
295.14,1,hold,-68.46,0.65
295.23,1,hold,-68.44,0.49
295.32,1,hold,-68.42,0.49
295.4,1,hold,-68.42,0.49
295.49,1,hold,-68.42,0.57
295.57,1,hold,-68.41,0.57
295.66,1,hold,-68.39,0.49
295.74,1,hold,-68.39,0.49
295.83,1,hold,-68.39,0.65
295.91,1,hold,-68.4,0.73
296.0,1,hold,-68.36,0.65
296.08,1,hold,-68.37,0.65
296.17,1,hold,-68.37,0.57
296.25,1,hold,-68.37,0.49
296.34,1,hold,-68.34,0.73
296.42,1,hold,-68.34,0.65
296.51,1,hold,-68.35,0.57
296.6,1,hold,-68.34,0.49
296.69,1,hold,-68.32,0.49
296.77,1,hold,-68.32,0.49
296.86,1,hold,-68.31,0.65
296.94,1,hold,-68.31,0.49
297.03,1,hold,-68.31,0.65
297.11,1,hold,-68.3,0.65
297.2,1,hold,-68.28,0.65
297.29,1,hold,-68.29,0.57
297.37,1,hold,-68.28,0.65
297.46,1,hold,-68.28,0.57
297.54,1,hold,-68.25,0.65
297.63,1,hold,-68.24,0.49
297.71,1,hold,-68.24,0.49
297.8,1,hold,-68.22,0.57
297.88,1,hold,-68.22,0.57
297.97,1,hold,-68.23,0.57
298.05,1,hold,-68.23,0.49
298.14,1,hold,-68.23,0.73
298.23,1,hold,-68.21,0.65
298.31,1,hold,-68.19,0.57
298.4,1,hold,-68.19,0.73
298.48,1,hold,-68.19,0.57
298.57,1,hold,-68.16,0.49
298.66,1,hold,-68.16,0.57
298.74,1,hold,-68.16,0.65
298.83,1,hold,-68.17,0.49
298.91,1,hold,-68.15,0.65
299.0,1,hold,-68.13,0.57
299.08,1,hold,-68.14,0.65
299.17,1,hold,-68.14,0.57
299.25,1,hold,-68.13,0.65
299.34,1,hold,-68.09,0.73
299.42,1,hold,-68.09,0.49
299.51,1,hold,-68.11,0.57
299.6,1,hold,-68.08,0.57
299.68,1,hold,-68.08,0.65
299.77,1,hold,-68.07,0.65
299.86,1,hold,-68.08,0.57
299.94,1,hold,-68.09,0.57
300.03,1,hold,-68.03,0.65
300.11,1,hold,-68.04,0.65
300.2,1,hold,-68.04,0.57
300.28,1,hold,-68.02,0.57
300.37,1,hold,-68.01,0.41
300.45,1,hold,-68.0,0.49
300.54,1,hold,-67.99,0.65
300.62,1,hold,-67.97,0.65
300.71,1,hold,-67.95,0.57
300.79,1,hold,-67.93,0.65
300.88,1,hold,-67.9,0.57
300.97,1,hold,-67.92,0.57
301.05,1,hold,-67.9,0.57
301.14,1,hold,-67.88,0.57
301.22,1,hold,-67.86,0.65
301.31,1,hold,-67.75,0.65
301.39,1,hold,-67.67,0.57
301.48,1,hold,-67.66,0.49
301.57,1,hold,-67.58,0.57
301.65,1,hold,-67.47,0.49
301.74,1,hold,-67.38,0.49
301.82,1,hold,-67.34,0.49
301.91,1,hold,-67.34,0.41
302.0,1,hold,-67.31,0.41
302.08,1,hold,-67.25,0.41
302.16,1,hold,-67.22,0.41
302.25,1,hold,-67.2,0.33
302.34,1,hold,-67.16,0.49
302.42,1,hold,-67.14,0.41
302.51,1,hold,-67.13,0.41
302.6,1,hold,-67.11,0.41
302.68,1,hold,-67.07,0.33
302.77,1,hold,-67.08,0.41
302.85,1,hold,-67.05,0.49
302.94,1,hold,-67.01,0.49
303.02,1,hold,-67.01,0.24
303.11,1,hold,-67.02,0.33
303.2,1,hold,-67.0,0.49
303.28,1,hold,-66.99,0.41
303.37,1,hold,-66.97,0.33
303.45,1,hold,-67.01,0.41
303.54,1,hold,-66.99,0.41
303.63,1,hold,-66.99,0.24
303.71,1,hold,-66.96,0.33
303.8,1,hold,-66.96,0.41
303.88,1,hold,-66.96,0.33
303.97,1,hold,-66.96,0.33
304.05,1,hold,-66.92,0.41
304.14,1,hold,-66.92,0.33
304.22,1,hold,-66.92,0.24
304.31,1,hold,-66.92,0.41
304.39,1,hold,-66.9,0.33
304.48,1,hold,-66.91,0.33
304.56,1,hold,-66.88,0.33
304.65,1,hold,-66.85,0.33
304.73,1,hold,-66.86,0.33
304.82,1,hold,-66.85,0.33
304.9,1,hold,-66.82,0.33
304.99,1,hold,-66.83,0.33
305.07,1,hold,-66.79,0.33
305.16,1,hold,-66.79,0.33
305.25,1,hold,-66.77,0.24
305.33,1,hold,-66.76,0.24
305.42,1,hold,-66.77,0.24
305.51,1,hold,-66.72,0.41
305.59,1,hold,-66.7,0.41
305.68,1,hold,-66.66,0.16
305.76,1,hold,-66.66,0.41
305.85,1,hold,-66.63,0.16
305.94,1,hold,-66.62,0.33
306.02,1,hold,-66.61,0.24
306.11,1,hold,-66.55,0.24
306.19,1,hold,-66.52,0.33
306.28,1,hold,-66.51,0.24
306.37,1,hold,-66.49,0.24
306.45,1,hold,-66.47,0.24
306.54,1,hold,-66.43,0.33
306.62,1,hold,-66.44,0.24
306.71,1,hold,-66.42,0.24
306.79,1,hold,-66.41,0.24
306.88,1,hold,-66.4,0.24
306.97,1,hold,-66.38,0.16
307.05,1,hold,-66.38,0.16
307.14,1,hold,-66.38,0.33
307.22,1,hold,-66.38,0.24
307.31,1,hold,-66.38,0.24
307.39,1,hold,-66.34,0.24
307.48,1,hold,-66.35,0.16
307.57,1,hold,-66.34,0.16
307.65,1,hold,-66.34,0.16
307.72,1,vent,-66.34,0.16
307.77,1,vent,-0.42,0.16
307.81,1,vent,0.22,0.33
307.86,1,vent,0.23,0.16
307.9,1,vent,0.22,0.16
307.95,1,vent,0.22,0.33
307.99,1,vent,0.22,0.33
308.03,1,vent,0.23,0.24
308.08,1,vent,0.23,0.33
308.13,1,vent,0.24,0.16
308.17,1,vent,0.23,0.16
308.21,1,vent,0.23,0.16
308.26,1,vent,0.22,0.24
308.3,1,vent,0.23,0.16
308.34,1,vent,0.23,0.24
308.39,1,vent,0.24,0.24
308.43,1,vent,0.22,0.33
308.48,1,vent,0.23,0.16
308.52,1,vent,0.23,0.16
308.58,1,vent,0.23,0.33
308.63,1,lift,0.23,0.24
308.67,1,lift,0.22,0.16
308.72,1,lift,0.23,0.16
308.77,1,lift,0.23,0.08
308.82,1,lift,0.21,0.08
308.86,1,lift,0.21,0.08
308.91,1,lift,0.21,0.08
308.96,1,lift,0.15,0.08
309.01,1,lift,0.2,0.08
309.06,1,lift,0.22,0.08
309.11,1,lift,0.19,0.08
309.16,1,lift,0.23,0.0
309.2,1,lift,0.21,0.08
309.25,1,lift,0.2,0.08
309.3,1,lift,0.23,0.08
309.34,1,lift,0.21,0.08
309.39,1,lift,0.21,0.08
309.44,1,lift,0.2,0.08
309.49,1,lift,0.22,0.08
309.54,1,lift,0.24,0.0
309.59,1,lift,0.24,0.08
309.64,1,lift,0.23,0.08
309.69,1,lift,0.23,0.08
309.73,1,lift,0.24,0.08
309.78,1,lift,0.24,0.0
309.83,1,lift,0.22,0.08
309.87,1,lift,0.23,0.08
309.92,1,lift,0.24,0.08
309.97,1,lift,0.24,0.08
310.02,1,lift,0.23,0.08
310.06,1,lift,0.24,0.16
310.11,1,lift,0.24,0.08
310.16,1,lift,0.23,0.08
310.2,1,lift,0.24,0.16
310.25,1,lift,0.23,0.16
310.3,1,lift,0.21,0.16
310.35,1,lift,0.23,0.08
310.39,1,lift,0.25,0.08
310.44,1,lift,0.22,0.24
310.49,1,lift,0.23,0.16
310.54,1,lift,0.24,0.16
310.59,1,lift,0.23,0.08
310.64,1,lift,0.24,0.08
310.69,1,lift,0.24,0.08
310.74,1,lift,0.24,0.16
310.78,1,lift,0.22,0.16
310.83,1,lift,0.23,0.16
310.88,1,lift,0.21,0.16
310.92,1,lift,0.23,0.08
310.97,1,lift,0.23,0.16
